REGION	POS	REF	ALT	REF_DP	REF_RV	REF_QUAL	ALT_DP	ALT_RV	ALT_QUAL	ALT_FREQ	TOTAL_DP	PVAL	PASS	GFF_FEATURE	REF_CODON	REF_AA	ALT_CODON	ALT_AA	POS_AA
AF144305.1	21	A	G	370	179	23	1	1	21	0.00269542	371	0.938342	FALSE	NA	NA	NA	NA	NA	NA
AF144305.1	22	A	G	416	140	24	1	0	27	0.00239808	417	0.969311	FALSE	NA	NA	NA	NA	NA	NA
AF144305.1	23	T	C	514	191	24	1	0	29	0.00194175	515	0.984692	FALSE	NA	NA	NA	NA	NA	NA
AF144305.1	25	G	A	394	107	25	1	1	20	0.00253165	395	0.938291	FALSE	NA	NA	NA	NA	NA	NA
AF144305.1	26	A	G	405	93	24	1	0	20	0.00246305	406	0.969326	FALSE	NA	NA	NA	NA	NA	NA
AF144305.1	27	G	A	339	78	25	1	0	31	0.00294118	340	0.500736	FALSE	NA	NA	NA	NA	NA	NA
AF144305.1	28	A	T	283	41	25	1	1	22	0.00350877	285	0.875661	FALSE	NA	NA	NA	NA	NA	NA
AF144305.1	28	A	G	283	41	25	1	0	20	0.00350877	285	0.875661	FALSE	NA	NA	NA	NA	NA	NA
AF144305.1	30	A	C	0	0	0	258	36	25	1	258	8.94109e-150	TRUE	NA	NA	NA	NA	NA	NA
AF144305.1	33	A	C	160	38	25	1	0	23	0.00621118	161	0.752336	FALSE	NA	NA	NA	NA	NA	NA
AF144305.1	34	G	A	156	38	25	1	0	21	0.00636943	157	0.752396	FALSE	NA	NA	NA	NA	NA	NA
AF144305.1	34	G	-TGC	156	38	25	3	0	20	0.0191083	157	0.3185	FALSE	NA	NA	NA	NA	NA	NA
AF144305.1	35	T	C	131	27	25	1	1	28	0.00757576	132	0.74717	FALSE	NA	NA	NA	NA	NA	NA
AF144305.1	36	G	A	0	0	0	139	29	25	1	139	1.52352e-81	TRUE	NA	NA	NA	NA	NA	NA
AF144305.1	39	T	A	1	1	21	203	31	26	0.995098	204	3.23724e-115	TRUE	NA	NA	NA	NA	NA	NA
AF144305.1	40	C	T	258	51	25	2	1	23	0.00769231	260	0.689673	FALSE	NA	NA	NA	NA	NA	NA
AF144305.1	41	T	C	261	54	25	1	0	20	0.00381679	262	0.875717	FALSE	NA	NA	NA	NA	NA	NA
AF144305.1	41	T	+TAC	261	54	25	1	0	20	0.00380228	263	0.875717	FALSE	NA	NA	NA	NA	NA	NA
AF144305.1	42	T	A	275	61	25	2	0	23	0.00722022	277	0.689539	FALSE	NA	NA	NA	NA	NA	NA
AF144305.1	42	T	+A	275	61	25	1	0	20	0.00361011	277	0.875681	FALSE	NA	NA	NA	NA	NA	NA
AF144305.1	44	T	C	358	68	25	1	0	26	0.00277778	360	0.938023	FALSE	NA	NA	NA	NA	NA	NA
AF144305.1	44	T	A	358	68	25	1	0	24	0.00277778	360	0.938023	FALSE	NA	NA	NA	NA	NA	NA
AF144305.1	46	G	C	410	42	25	1	0	20	0.00242718	412	0.96913	FALSE	NA	NA	NA	NA	NA	NA
AF144305.1	46	G	A	410	42	25	1	0	27	0.00242718	412	0.96913	FALSE	NA	NA	NA	NA	NA	NA
AF144305.1	47	C	A	383	35	25	1	0	20	0.00260417	384	0.938313	FALSE	NA	NA	NA	NA	NA	NA
AF144305.1	48	A	G	365	36	25	1	0	22	0.00273224	366	0.938353	FALSE	NA	NA	NA	NA	NA	NA
AF144305.1	50	T	C	239	43	25	1	1	23	0.00416667	240	0.876564	FALSE	NA	NA	NA	NA	NA	NA
AF144305.1	52	G	+T	258	101	24	1	0	20	0.00387597	258	0.877173	FALSE	NA	NA	NA	NA	NA	NA
AF144305.1	53	T	C	247	101	24	1	1	20	0.00403226	248	0.876514	FALSE	NA	NA	NA	NA	NA	NA
AF144305.1	54	C	T	0	0	0	225	80	24	1	225	4.69401e-130	TRUE	NA	NA	NA	NA	NA	NA
AF144305.1	56	G	A	210	50	24	1	1	23	0.00473934	211	0.876779	FALSE	NA	NA	NA	NA	NA	NA
AF144305.1	57	T	C	0	0	0	219	38	24	1	219	1.79772e-126	TRUE	NA	NA	NA	NA	NA	NA
AF144305.1	58	C	T	238	34	24	1	0	20	0.0041841	239	0.876571	FALSE	NA	NA	NA	NA	NA	NA
AF144305.1	59	T	C	254	33	25	1	0	31	0.00392157	255	0.500982	FALSE	NA	NA	NA	NA	NA	NA
AF144305.1	60	T	+A	357	43	25	1	0	20	0.00280112	357	0.93872	FALSE	NA	NA	NA	NA	NA	NA
AF144305.1	61	G	+T	399	58	25	1	0	20	0.00250627	399	0.938592	FALSE	NA	NA	NA	NA	NA	NA
AF144305.1	62	T	-C	389	151	24	1	0	20	0.00257069	389	0.93862	FALSE	NA	NA	NA	NA	NA	NA
AF144305.1	63	C	T	1	1	24	477	242	24	0.997908	478	1.32887e-274	TRUE	NA	NA	NA	NA	NA	NA
AF144305.1	65	A	G	411	210	23	2	1	25	0.00484262	413	0.892045	FALSE	NA	NA	NA	NA	NA	NA
AF144305.1	67	A	G	347	66	24	2	1	24	0.00573066	349	0.814295	FALSE	NA	NA	NA	NA	NA	NA
AF144305.1	68	G	A	333	39	24	2	0	24	0.00597015	335	0.814371	FALSE	NA	NA	NA	NA	NA	NA
AF144305.1	68	G	+TT	333	39	24	1	0	20	0.00298507	335	0.938062	FALSE	NA	NA	NA	NA	NA	NA
AF144305.1	69	T	C	300	38	25	1	1	20	0.00332226	301	0.938537	FALSE	NA	NA	NA	NA	NA	NA
AF144305.1	69	T	+C	300	38	25	1	0	20	0.00332226	301	0.938537	FALSE	NA	NA	NA	NA	NA	NA
AF144305.1	70	G	-ATC	289	47	25	1	0	20	0.00346021	289	0.876941	FALSE	NA	NA	NA	NA	NA	NA
AF144305.1	72	T	C	280	91	24	1	0	22	0.0035461	282	0.875001	FALSE	NA	NA	NA	NA	NA	NA
AF144305.1	72	T	A	280	91	24	1	0	21	0.0035461	282	0.875001	FALSE	NA	NA	NA	NA	NA	NA
AF144305.1	73	C	T	309	118	24	1	0	21	0.00322581	310	0.938105	FALSE	NA	NA	NA	NA	NA	NA
AF144305.1	74	A	T	302	108	24	1	0	23	0.00330033	303	0.93853	FALSE	NA	NA	NA	NA	NA	NA
AF144305.1	75	G	T	285	92	24	1	1	23	0.0034965	286	0.876312	FALSE	NA	NA	NA	NA	NA	NA
AF144305.1	76	A	G	306	93	24	1	0	33	0.00325733	307	0.500816	FALSE	NA	NA	NA	NA	NA	NA
AF144305.1	76	A	-T	306	93	24	2	0	20	0.00651466	307	0.815551	FALSE	NA	NA	NA	NA	NA	NA
AF144305.1	77	T	C	321	93	24	1	0	25	0.00310559	322	0.937695	FALSE	NA	NA	NA	NA	NA	NA
AF144305.1	79	T	C	335	69	25	1	1	23	0.00297619	336	0.938429	FALSE	NA	NA	NA	NA	NA	NA
AF144305.1	80	G	-C	334	62	24	3	0	20	0.00898204	334	0.662551	FALSE	NA	NA	NA	NA	NA	NA
AF144305.1	81	C	T	363	44	25	1	1	20	0.00273973	365	0.936985	FALSE	NA	NA	NA	NA	NA	NA
AF144305.1	81	C	G	363	44	25	1	1	21	0.00273973	365	0.936985	FALSE	NA	NA	NA	NA	NA	NA
AF144305.1	82	A	G	362	52	24	3	0	23	0.00821918	365	0.658185	FALSE	NA	NA	NA	NA	NA	NA
AF144305.1	82	A	+T	362	52	24	1	0	20	0.00273973	365	0.937673	FALSE	NA	NA	NA	NA	NA	NA
AF144305.1	84	T	C	244	55	24	1	0	27	0.00406504	246	0.875767	FALSE	NA	NA	NA	NA	NA	NA
AF144305.1	84	T	A	244	55	24	1	0	20	0.00406504	246	0.875767	FALSE	NA	NA	NA	NA	NA	NA
AF144305.1	85	G	+CGT	218	40	25	1	0	20	0.00458716	218	0.87757	FALSE	NA	NA	NA	NA	NA	NA
AF144305.1	87	T	C	226	43	25	1	0	28	0.00440529	227	0.876654	FALSE	NA	NA	NA	NA	NA	NA
AF144305.1	88	T	C	296	47	25	3	2	24	0.0100334	299	0.501576	FALSE	NA	NA	NA	NA	NA	NA
AF144305.1	92	A	G	372	47	24	1	0	24	0.00268097	373	0.938337	FALSE	NA	NA	NA	NA	NA	NA
AF144305.1	93	T	C	322	66	24	2	0	24	0.00617284	324	0.814434	FALSE	NA	NA	NA	NA	NA	NA
AF144305.1	95	C	+A	341	88	24	2	0	20	0.00584795	342	0.815239	FALSE	NA	NA	NA	NA	NA	NA
AF144305.1	98	A	G	359	45	24	1	1	22	0.00277778	360	0.938367	FALSE	NA	NA	NA	NA	NA	NA
AF144305.1	98	A	-C	359	45	24	1	0	20	0.00277778	360	0.938367	FALSE	NA	NA	NA	NA	NA	NA
AF144305.1	98	A	+C	359	45	24	1	0	20	0.00277778	360	0.938367	FALSE	NA	NA	NA	NA	NA	NA
AF144305.1	100	A	G	253	23	24	1	0	24	0.00393701	254	0.876478	FALSE	NA	NA	NA	NA	NA	NA
AF144305.1	102	C	T	0	0	0	198	22	24	1	198	6.15441e-116	TRUE	NA	NA	NA	NA	NA	NA
AF144305.1	106	A	G	206	95	24	1	1	21	0.00483092	207	0.876814	FALSE	NA	NA	NA	NA	NA	NA
AF144305.1	107	C	-AG	440	315	22	1	0	20	0.00227273	440	0.969456	FALSE	NA	NA	NA	NA	NA	NA
AF144305.1	107	C	-A	440	315	22	1	0	20	0.00227273	440	0.969456	FALSE	NA	NA	NA	NA	NA	NA
AF144305.1	108	A	G	462	340	23	1	0	25	0.00215983	463	0.969255	FALSE	NA	NA	NA	NA	NA	NA
AF144305.1	110	A	G	455	244	23	2	2	20	0.00437637	457	0.891908	FALSE	NA	NA	NA	NA	NA	NA
AF144305.1	111	G	A	469	274	23	1	0	22	0.00212766	470	0.969248	FALSE	NA	NA	NA	NA	NA	NA
AF144305.1	114	G	A	1	0	33	362	82	24	0.997245	363	5.53851e-208	TRUE	NA	NA	NA	NA	NA	NA
AF144305.1	116	T	C	283	54	25	1	0	20	0.00352113	284	0.875661	FALSE	NA	NA	NA	NA	NA	NA
AF144305.1	121	A	T	385	20	24	1	0	26	0.00258398	387	0.937986	FALSE	NA	NA	NA	NA	NA	NA
AF144305.1	121	A	G	385	20	24	1	0	26	0.00258398	387	0.937986	FALSE	NA	NA	NA	NA	NA	NA
AF144305.1	123	A	G	0	0	0	160	26	25	1	160	3.38245e-93	TRUE	NA	NA	NA	NA	NA	NA
AF144305.1	127	A	G	216	119	23	1	1	31	0.00460829	217	0.501155	FALSE	NA	NA	NA	NA	NA	NA
AF144305.1	128	T	+G	374	231	23	1	0	20	0.0026738	374	0.938665	FALSE	NA	NA	NA	NA	NA	NA
AF144305.1	130	G	A	431	212	23	1	1	20	0.00231481	432	0.969291	FALSE	NA	NA	NA	NA	NA	NA
AF144305.1	130	G	-AAA	431	212	23	1	0	20	0.00231481	432	0.969291	FALSE	NA	NA	NA	NA	NA	NA
AF144305.1	130	G	-A	431	212	23	2	0	20	0.00462963	432	0.892519	FALSE	NA	NA	NA	NA	NA	NA
AF144305.1	130	G	+A	431	212	23	1	0	20	0.00231481	432	0.969291	FALSE	NA	NA	NA	NA	NA	NA
AF144305.1	132	A	G	549	225	23	3	3	23	0.00543478	552	0.856958	FALSE	NA	NA	NA	NA	NA	NA
AF144305.1	133	A	G	608	212	24	1	1	25	0.00164204	609	0.992366	FALSE	NA	NA	NA	NA	NA	NA
AF144305.1	134	A	G	406	54	24	3	0	21	0.00733496	409	0.775451	FALSE	NA	NA	NA	NA	NA	NA
AF144305.1	134	A	+G	406	54	24	1	0	20	0.00244499	409	0.968942	FALSE	NA	NA	NA	NA	NA	NA
AF144305.1	137	A	-CG	324	39	25	1	0	20	0.00308642	324	0.938844	FALSE	NA	NA	NA	NA	NA	NA
AF144305.1	140	T	C	245	87	24	2	0	23	0.00809717	247	0.689787	FALSE	NA	NA	NA	NA	NA	NA
AF144305.1	141	T	C	0	0	0	272	113	25	1	272	3.79887e-158	TRUE	NA	NA	NA	NA	NA	NA
AF144305.1	145	G	-TTA	502	45	24	1	0	20	0.00199203	502	0.984792	FALSE	NA	NA	NA	NA	NA	NA
AF144305.1	146	T	C	280	44	24	1	0	25	0.00355872	281	0.876336	FALSE	NA	NA	NA	NA	NA	NA
AF144305.1	147	T	C	245	45	25	2	0	25	0.00809717	247	0.689787	FALSE	NA	NA	NA	NA	NA	NA
AF144305.1	152	A	G	316	116	24	1	0	22	0.00315457	317	0.938485	FALSE	NA	NA	NA	NA	NA	NA
AF144305.1	154	G	-C	408	219	23	2	0	20	0.00490196	408	0.893195	FALSE	NA	NA	NA	NA	NA	NA
AF144305.1	154	G	+C	408	219	23	1	0	20	0.00245098	408	0.969511	FALSE	NA	NA	NA	NA	NA	NA
AF144305.1	157	C	+A	414	107	24	1	0	20	0.00241546	414	0.9695	FALSE	NA	NA	NA	NA	NA	NA
AF144305.1	158	A	G	486	107	23	1	0	40	0.00205339	487	0.500514	FALSE	NA	NA	NA	NA	NA	NA
AF144305.1	159	A	G	473	52	24	3	1	28	0.00630252	476	0.775166	FALSE	NA	NA	NA	NA	NA	NA
AF144305.1	160	G	A	396	37	24	1	0	20	0.00251889	397	0.938287	FALSE	NA	NA	NA	NA	NA	NA
AF144305.1	161	A	G	383	25	24	2	0	26	0.00519481	385	0.814127	FALSE	NA	NA	NA	NA	NA	NA
AF144305.1	163	A	G	244	22	24	1	0	20	0.00408163	245	0.876532	FALSE	NA	NA	NA	NA	NA	NA
AF144305.1	163	A	+T	244	22	24	1	0	20	0.00408163	245	0.876532	FALSE	NA	NA	NA	NA	NA	NA
AF144305.1	164	T	-A	167	26	24	1	0	20	0.00598802	167	0.753736	FALSE	NA	NA	NA	NA	NA	NA
AF144305.1	168	G	-GAA	415	266	23	1	0	20	0.00240964	415	0.969498	FALSE	NA	NA	NA	NA	NA	NA
AF144305.1	169	G	+GAA	547	211	23	2	0	20	0.00365631	547	0.93899	FALSE	NA	NA	NA	NA	NA	NA
AF144305.1	169	G	+GA	547	211	23	1	0	20	0.00182815	547	0.984758	FALSE	NA	NA	NA	NA	NA	NA
AF144305.1	169	G	+AA	547	211	23	4	0	20	0.00731261	547	0.75147	FALSE	NA	NA	NA	NA	NA	NA
AF144305.1	169	G	+A	547	211	23	35	0	20	0.0639854	547	1.23087e-06	TRUE	NA	NA	NA	NA	NA	NA
AF144305.1	170	A	T	562	204	23	1	0	26	0.00175131	571	0.983998	FALSE	NA	NA	NA	NA	NA	NA
AF144305.1	170	A	G	562	204	23	8	6	23	0.0140105	571	0.289417	FALSE	NA	NA	NA	NA	NA	NA
AF144305.1	171	A	G	561	207	24	3	2	24	0.00531915	564	0.856926	FALSE	NA	NA	NA	NA	NA	NA
AF144305.1	172	A	G	487	110	24	2	0	27	0.00408998	489	0.891345	FALSE	NA	NA	NA	NA	NA	NA
AF144305.1	172	A	-AGAC	487	110	24	1	0	20	0.00204082	490	0.96891	FALSE	NA	NA	NA	NA	NA	NA
AF144305.1	172	A	-AG	487	110	24	3	0	20	0.00612245	490	0.775117	FALSE	NA	NA	NA	NA	NA	NA
AF144305.1	173	A	-G	473	119	24	7	0	20	0.0146751	477	0.27798	FALSE	NA	NA	NA	NA	NA	NA
AF144305.1	174	G	C	0	0	0	3	3	21	0.0056391	532	2.01954e-06	TRUE	NA	NA	NA	NA	NA	NA
AF144305.1	174	G	A	0	0	0	529	124	24	0.994361	532	1.06673e-311	TRUE	NA	NA	NA	NA	NA	NA
AF144305.1	175	A	C	558	158	24	1	0	20	0.00178891	559	0.984501	FALSE	NA	NA	NA	NA	NA	NA
AF144305.1	176	C	A	583	228	23	6	3	26	0.0101868	589	0.498847	FALSE	NA	NA	NA	NA	NA	NA
AF144305.1	177	A	G	585	288	23	1	1	21	0.00170358	587	0.984575	FALSE	NA	NA	NA	NA	NA	NA
AF144305.1	177	A	C	585	288	23	1	1	28	0.00170358	587	0.984575	FALSE	NA	NA	NA	NA	NA	NA
AF144305.1	178	C	A	432	149	23	2	1	25	0.00460829	434	0.891976	FALSE	NA	NA	NA	NA	NA	NA
AF144305.1	179	A	G	343	40	23	1	1	32	0.00289855	345	0.5	FALSE	NA	NA	NA	NA	NA	NA
AF144305.1	179	A	C	343	40	23	1	1	27	0.00289855	345	0.938045	FALSE	NA	NA	NA	NA	NA	NA
AF144305.1	180	C	G	328	30	23	1	0	21	0.0030303	330	0.93807	FALSE	NA	NA	NA	NA	NA	NA
AF144305.1	180	C	A	328	30	23	1	1	25	0.0030303	330	0.93807	FALSE	NA	NA	NA	NA	NA	NA
AF144305.1	180	C	-AATGGG	328	30	23	1	0	20	0.0030303	330	0.93807	FALSE	NA	NA	NA	NA	NA	NA
AF144305.1	181	A	C	236	31	24	1	1	25	0.00421941	237	0.876584	FALSE	NA	NA	NA	NA	NA	NA
AF144305.1	182	A	G	218	27	24	1	0	20	0.00456621	219	0.876714	FALSE	NA	NA	NA	NA	NA	NA
AF144305.1	182	A	+CG	218	27	24	1	0	20	0.00456621	219	0.876714	FALSE	NA	NA	NA	NA	NA	NA
AF144305.1	183	T	G	1	1	20	1	1	20	0.0060241	166	0.02388	FALSE	NA	NA	NA	NA	NA	NA
AF144305.1	183	T	C	1	1	20	164	25	25	0.987952	166	2.83616e-94	TRUE	NA	NA	NA	NA	NA	NA
AF144305.1	189	G	A	326	24	24	2	0	31	0.00609756	328	0.250382	FALSE	NA	NA	NA	NA	NA	NA
AF144305.1	191	T	+TG	329	21	24	1	0	20	0.00303951	329	0.938823	FALSE	NA	NA	NA	NA	NA	NA
AF144305.1	192	C	G	0	0	0	1	0	21	0.00473934	211	0.014218	FALSE	NA	NA	NA	NA	NA	NA
AF144305.1	192	C	A	0	0	0	210	19	24	0.995261	211	2.12292e-121	TRUE	NA	NA	NA	NA	NA	NA
AF144305.1	195	C	+CAGACCTG	148	25	25	1	0	20	0.00675676	148	0.754214	FALSE	NA	NA	NA	NA	NA	NA
AF144305.1	196	G	+ACCT	131	39	25	1	0	20	0.00763359	131	0.75476	FALSE	NA	NA	NA	NA	NA	NA
AF144305.1	197	A	G	116	17	24	1	0	35	0.00854701	117	0.502146	FALSE	NA	NA	NA	NA	NA	NA
AF144305.1	198	T	C	1	0	21	122	20	24	0.99187	123	5.22293e-69	TRUE	NA	NA	NA	NA	NA	NA
AF144305.1	198	T	+A	1	0	21	1	0	20	0.00813008	123	0.0321269	FALSE	NA	NA	NA	NA	NA	NA
AF144305.1	199	C	T	121	19	25	1	0	23	0.00819672	122	0.753086	FALSE	NA	NA	NA	NA	NA	NA
AF144305.1	200	T	+TG	142	17	25	1	0	20	0.00704225	142	0.754392	FALSE	NA	NA	NA	NA	NA	NA
AF144305.1	200	T	+AG	142	17	25	1	0	20	0.00704225	142	0.754392	FALSE	NA	NA	NA	NA	NA	NA
AF144305.1	200	T	+A	142	17	25	2	0	20	0.0140845	142	0.507922	FALSE	NA	NA	NA	NA	NA	NA
AF144305.1	201	A	G	236	30	24	1	0	20	0.00421941	237	0.876584	FALSE	NA	NA	NA	NA	NA	NA
AF144305.1	201	A	+TAC	236	30	24	1	0	20	0.00421941	237	0.876584	FALSE	NA	NA	NA	NA	NA	NA
AF144305.1	202	A	G	306	104	24	3	2	26	0.00970874	309	0.658538	FALSE	NA	NA	NA	NA	NA	NA
AF144305.1	204	T	C	386	225	22	1	0	23	0.00258398	387	0.938307	FALSE	NA	NA	NA	NA	NA	NA
AF144305.1	204	T	+AG	386	225	22	1	0	20	0.00258398	387	0.938307	FALSE	NA	NA	NA	NA	NA	NA
AF144305.1	206	G	A	323	120	23	1	0	20	0.00308642	324	0.938464	FALSE	NA	NA	NA	NA	NA	NA
AF144305.1	206	G	-A	323	120	23	5	0	20	0.0154321	324	0.370906	FALSE	NA	NA	NA	NA	NA	NA
AF144305.1	207	A	G	0	0	0	267	73	24	1	267	5.96758e-157	TRUE	NA	NA	NA	NA	NA	NA
AF144305.1	209	T	C	403	95	24	2	0	25	0.00493827	405	0.892073	FALSE	NA	NA	NA	NA	NA	NA
AF144305.1	210	G	A	415	158	24	1	0	22	0.00240385	416	0.969312	FALSE	NA	NA	NA	NA	NA	NA
AF144305.1	216	T	G	0	0	0	1	0	23	0.00254453	393	0.0101781	FALSE	NA	NA	NA	NA	NA	NA
AF144305.1	216	T	A	0	0	0	392	57	23	0.997455	393	3.51702e-228	TRUE	NA	NA	NA	NA	NA	NA
AF144305.1	219	C	G	0	0	0	512	97	23	1	512	1.34734e-295	TRUE	NA	NA	NA	NA	NA	NA
AF144305.1	220	A	G	432	95	23	2	0	24	0.00460829	434	0.891976	FALSE	NA	NA	NA	NA	NA	NA
AF144305.1	221	T	C	417	119	23	3	0	23	0.00714286	420	0.775398	FALSE	NA	NA	NA	NA	NA	NA
AF144305.1	222	T	C	392	126	23	2	1	34	0.00507614	394	0.250318	FALSE	NA	NA	NA	NA	NA	NA
AF144305.1	223	T	+AAGG	445	194	23	1	0	20	0.00224719	445	0.969448	FALSE	NA	NA	NA	NA	NA	NA
AF144305.1	223	T	+A	445	194	23	1	0	20	0.00224719	445	0.969448	FALSE	NA	NA	NA	NA	NA	NA
AF144305.1	224	T	A	459	232	22	1	0	21	0.00217391	460	0.969258	FALSE	NA	NA	NA	NA	NA	NA
AF144305.1	225	G	T	0	0	0	1	0	21	0.00179856	556	0.0107914	FALSE	NA	NA	NA	NA	NA	NA
AF144305.1	225	G	A	0	0	0	555	349	22	0.998201	556	0	TRUE	NA	NA	NA	NA	NA	NA
AF144305.1	226	A	G	239	42	24	1	0	21	0.00416667	240	0.876564	FALSE	NA	NA	NA	NA	NA	NA
AF144305.1	227	G	A	2	0	22	225	36	24	0.991189	227	7.4927e-127	TRUE	NA	NA	NA	NA	NA	NA
AF144305.1	227	G	-A	2	0	22	2	0	20	0.00881057	227	0.00135104	TRUE	NA	NA	NA	NA	NA	NA
AF144305.1	228	A	G	4	1	23	183	30	24	0.97861	187	1.60389e-102	TRUE	NA	NA	NA	NA	NA	NA
AF144305.1	228	A	+G	4	1	23	4	0	20	0.0210526	190	5.65535e-06	TRUE	NA	NA	NA	NA	NA	NA
AF144305.1	230	A	G	221	29	25	1	1	22	0.0044843	223	0.875847	FALSE	NA	NA	NA	NA	NA	NA
AF144305.1	230	A	C	221	29	25	1	0	21	0.0044843	223	0.875847	FALSE	NA	NA	NA	NA	NA	NA
AF144305.1	231	T	C	2	1	21	360	141	23	0.994475	362	3.90616e-205	TRUE	NA	NA	NA	NA	NA	NA
AF144305.1	232	T	G	510	292	22	1	1	25	0.00195695	511	0.984695	FALSE	NA	NA	NA	NA	NA	NA
AF144305.1	232	T	+GCAA	510	292	22	1	0	20	0.00195695	511	0.984695	FALSE	NA	NA	NA	NA	NA	NA
AF144305.1	233	G	A	632	335	22	1	0	49	0.00157978	633	0.500395	FALSE	NA	NA	NA	NA	NA	NA
AF144305.1	234	T	C	0	0	0	729	310	22	1	729	0	TRUE	NA	NA	NA	NA	NA	NA
AF144305.1	237	T	C	320	23	23	2	0	23	0.00621118	322	0.814446	FALSE	NA	NA	NA	NA	NA	NA
AF144305.1	239	T	C	115	22	24	4	2	24	0.0336134	119	0.187483	FALSE	NA	NA	NA	NA	NA	NA
AF144305.1	240	A	G	120	47	24	2	2	26	0.0162602	123	0.5	FALSE	NA	NA	NA	NA	NA	NA
AF144305.1	240	A	C	120	47	24	1	0	20	0.00813008	123	0.748971	FALSE	NA	NA	NA	NA	NA	NA
AF144305.1	243	T	+CAG	120	34	25	1	0	20	0.00833333	120	0.755195	FALSE	NA	NA	NA	NA	NA	NA
AF144305.1	246	A	G	245	36	24	2	2	24	0.00809717	247	0.689787	FALSE	NA	NA	NA	NA	NA	NA
AF144305.1	248	G	+A	216	82	24	1	0	20	0.00462963	216	0.877594	FALSE	NA	NA	NA	NA	NA	NA
AF144305.1	253	C	T	368	37	24	1	0	25	0.00271003	369	0.938346	FALSE	NA	NA	NA	NA	NA	NA
AF144305.1	254	T	-C	430	37	24	1	0	20	0.00232558	430	0.969472	FALSE	NA	NA	NA	NA	NA	NA
AF144305.1	256	G	T	251	107	24	1	1	25	0.00396825	252	0.87649	FALSE	NA	NA	NA	NA	NA	NA
AF144305.1	256	G	+A	251	107	24	1	0	20	0.00396825	252	0.87649	FALSE	NA	NA	NA	NA	NA	NA
AF144305.1	257	G	-A	243	90	25	1	0	20	0.00411523	243	0.877307	FALSE	NA	NA	NA	NA	NA	NA
AF144305.1	257	G	+A	243	90	25	1	0	20	0.00411523	243	0.877307	FALSE	NA	NA	NA	NA	NA	NA
AF144305.1	259	A	G	227	82	24	1	0	27	0.00438596	228	0.876647	FALSE	NA	NA	NA	NA	NA	NA
AF144305.1	261	C	T	307	32	24	3	0	24	0.0096463	311	0.657011	FALSE	NA	NA	NA	NA	NA	NA
AF144305.1	261	C	G	307	32	24	1	0	23	0.00321543	311	0.937298	FALSE	NA	NA	NA	NA	NA	NA
AF144305.1	264	T	G	0	0	0	2	0	28	0.00490196	408	0.000179779	TRUE	NA	NA	NA	NA	NA	NA
AF144305.1	264	T	A	0	0	0	406	20	23	0.995098	408	7.59748e-235	TRUE	NA	NA	NA	NA	NA	NA
AF144305.1	265	A	G	341	24	24	1	0	24	0.00292398	342	0.938413	FALSE	NA	NA	NA	NA	NA	NA
AF144305.1	266	T	C	218	16	25	1	1	27	0.00456621	219	0.876714	FALSE	NA	NA	NA	NA	NA	NA
AF144305.1	267	G	A	207	16	25	1	0	22	0.00480769	208	0.876805	FALSE	NA	NA	NA	NA	NA	NA
AF144305.1	268	T	C	152	14	26	1	0	20	0.00653595	153	0.752459	FALSE	NA	NA	NA	NA	NA	NA
AF144305.1	268	T	-G	152	14	26	1	0	20	0.00653595	153	0.752459	FALSE	NA	NA	NA	NA	NA	NA
AF144305.1	269	G	-TGAC	148	13	25	1	0	20	0.00675676	148	0.754214	FALSE	NA	NA	NA	NA	NA	NA
AF144305.1	270	T	C	0	0	0	133	9	25	1	133	2.31225e-77	TRUE	NA	NA	NA	NA	NA	NA
AF144305.1	274	G	C	113	30	24	1	0	20	0.00877193	114	0.753304	FALSE	NA	NA	NA	NA	NA	NA
AF144305.1	280	A	G	183	57	23	1	0	24	0.00543478	184	0.752044	FALSE	NA	NA	NA	NA	NA	NA
AF144305.1	281	T	C	193	63	24	1	1	25	0.00515464	194	0.751938	FALSE	NA	NA	NA	NA	NA	NA
AF144305.1	281	T	-CAATGTGC	193	63	24	1	0	20	0.00515464	194	0.751938	FALSE	NA	NA	NA	NA	NA	NA
AF144305.1	281	T	+A	193	63	24	1	0	20	0.00515464	194	0.751938	FALSE	NA	NA	NA	NA	NA	NA
AF144305.1	283	A	G	318	173	22	1	0	22	0.0031348	319	0.938479	FALSE	NA	NA	NA	NA	NA	NA
AF144305.1	284	A	G	0	0	0	279	158	23	1	279	2.47001e-162	TRUE	NA	NA	NA	NA	NA	NA
AF144305.1	285	T	G	0	0	0	2	1	23	0.01	200	0.000295552	TRUE	NA	NA	NA	NA	NA	NA
AF144305.1	285	T	C	0	0	0	1	0	20	0.005	200	0.0149254	FALSE	NA	NA	NA	NA	NA	NA
AF144305.1	285	T	A	0	0	0	197	80	23	0.985	200	1.54248e-114	TRUE	NA	NA	NA	NA	NA	NA
AF144305.1	287	T	C	123	25	24	1	0	32	0.00806452	124	0.502024	FALSE	NA	NA	NA	NA	NA	NA
AF144305.1	287	T	-G	123	25	24	4	0	20	0.0322581	124	0.195137	FALSE	NA	NA	NA	NA	NA	NA
AF144305.1	290	C	+G	103	15	25	1	0	20	0.00970874	103	0.75605	FALSE	NA	NA	NA	NA	NA	NA
AF144305.1	291	G	-GA	96	21	24	1	0	20	0.0104167	96	0.505208	FALSE	NA	NA	NA	NA	NA	NA
AF144305.1	295	T	+G	196	51	25	1	0	20	0.00510204	196	0.753184	FALSE	NA	NA	NA	NA	NA	NA
AF144305.1	296	G	C	314	65	24	1	0	26	0.0031746	315	0.938491	FALSE	NA	NA	NA	NA	NA	NA
AF144305.1	298	T	C	205	15	25	1	0	21	0.00485437	206	0.876823	FALSE	NA	NA	NA	NA	NA	NA
AF144305.1	300	T	C	195	14	25	1	0	25	0.00510204	196	0.751918	FALSE	NA	NA	NA	NA	NA	NA
AF144305.1	304	A	G	153	19	23	1	0	23	0.00649351	154	0.752443	FALSE	NA	NA	NA	NA	NA	NA
AF144305.1	304	A	+T	153	19	23	1	0	20	0.00649351	154	0.752443	FALSE	NA	NA	NA	NA	NA	NA
AF144305.1	308	T	-GG	340	287	22	1	0	20	0.00294118	340	0.938781	FALSE	NA	NA	NA	NA	NA	NA
AF144305.1	310	G	A	152	21	24	1	0	26	0.00653595	153	0.752459	FALSE	NA	NA	NA	NA	NA	NA
AF144305.1	312	G	-A	211	24	25	1	0	20	0.00471698	212	0.876771	FALSE	NA	NA	NA	NA	NA	NA
AF144305.1	312	G	+C	211	24	25	3	0	20	0.0141509	212	0.506649	FALSE	NA	NA	NA	NA	NA	NA
AF144305.1	313	A	T	0	0	0	1	1	20	0.00598802	167	0.0118343	FALSE	NA	NA	NA	NA	NA	NA
AF144305.1	313	A	G	0	0	0	3	3	24	0.0179641	167	4.88517e-06	TRUE	NA	NA	NA	NA	NA	NA
AF144305.1	313	A	C	0	0	0	163	11	26	0.976048	167	8.8832e-97	TRUE	NA	NA	NA	NA	NA	NA
AF144305.1	314	A	G	1	1	22	123	25	24	0.984	125	3.39903e-70	TRUE	NA	NA	NA	NA	NA	NA
AF144305.1	314	A	C	1	1	22	1	0	21	0.008	125	0.0313711	FALSE	NA	NA	NA	NA	NA	NA
AF144305.1	317	C	+T	125	23	24	1	0	20	0.00793651	126	0.752988	FALSE	NA	NA	NA	NA	NA	NA
AF144305.1	318	C	T	1	0	20	142	24	24	0.986111	144	1.76297e-81	TRUE	NA	NA	NA	NA	NA	NA
AF144305.1	318	C	A	1	0	20	1	0	28	0.00694444	144	0.0273028	FALSE	NA	NA	NA	NA	NA	NA
AF144305.1	319	A	-G	195	36	25	1	0	20	0.00512821	195	0.7532	FALSE	NA	NA	NA	NA	NA	NA
AF144305.1	320	G	A	3	3	21	247	91	24	0.988	250	3.49242e-139	TRUE	NA	NA	NA	NA	NA	NA
AF144305.1	321	T	C	1	0	21	422	264	23	0.997636	423	4.41621e-242	TRUE	NA	NA	NA	NA	NA	NA
AF144305.1	323	C	T	283	58	24	1	0	20	0.00352113	284	0.875661	FALSE	NA	NA	NA	NA	NA	NA
AF144305.1	326	C	+T	484	19	24	1	0	20	0.00206612	484	0.969392	FALSE	NA	NA	NA	NA	NA	NA
AF144305.1	327	C	T	0	0	0	339	19	24	1	339	3.44061e-196	TRUE	NA	NA	NA	NA	NA	NA
AF144305.1	330	T	G	263	79	24	1	1	21	0.00378788	264	0.876422	FALSE	NA	NA	NA	NA	NA	NA
AF144305.1	331	G	C	270	96	24	1	1	22	0.00369004	271	0.876385	FALSE	NA	NA	NA	NA	NA	NA
AF144305.1	333	C	T	243	58	24	1	0	36	0.00409836	244	0.501027	FALSE	NA	NA	NA	NA	NA	NA
AF144305.1	334	C	+TA	293	80	24	1	0	20	0.00341297	293	0.876914	FALSE	NA	NA	NA	NA	NA	NA
AF144305.1	336	C	G	357	58	24	1	0	20	0.0027933	358	0.938372	FALSE	NA	NA	NA	NA	NA	NA
AF144305.1	336	C	+TG	357	58	24	1	0	20	0.0027933	358	0.938372	FALSE	NA	NA	NA	NA	NA	NA
AF144305.1	336	C	+T	357	58	24	1	0	20	0.0027933	358	0.938372	FALSE	NA	NA	NA	NA	NA	NA
AF144305.1	339	T	C	237	35	25	2	0	27	0.0083682	239	0.689864	FALSE	NA	NA	NA	NA	NA	NA
AF144305.1	339	T	-TAC	237	35	25	1	0	20	0.0041841	239	0.875789	FALSE	NA	NA	NA	NA	NA	NA
AF144305.1	340	T	-A	201	42	25	1	0	20	0.00497512	201	0.877787	FALSE	NA	NA	NA	NA	NA	NA
AF144305.1	341	A	G	177	52	24	1	1	21	0.00561798	178	0.752113	FALSE	NA	NA	NA	NA	NA	NA
AF144305.1	341	A	-C	177	52	24	1	0	20	0.00561798	178	0.752113	FALSE	NA	NA	NA	NA	NA	NA
AF144305.1	341	A	+C	177	52	24	2	0	20	0.011236	178	0.504225	FALSE	NA	NA	NA	NA	NA	NA
AF144305.1	342	C	T	422	299	22	1	1	31	0.00236407	423	0.5	FALSE	NA	NA	NA	NA	NA	NA
AF144305.1	345	A	T	618	343	22	1	1	21	0.00161551	619	0.992363	FALSE	NA	NA	NA	NA	NA	NA
AF144305.1	346	G	A	802	356	23	1	0	21	0.00124533	803	0.99808	FALSE	NA	NA	NA	NA	NA	NA
AF144305.1	347	G	T	670	225	23	1	0	21	0.0014881	672	0.992269	FALSE	NA	NA	NA	NA	NA	NA
AF144305.1	347	G	A	670	225	23	1	0	20	0.0014881	672	0.992269	FALSE	NA	NA	NA	NA	NA	NA
AF144305.1	348	G	+AGCC	448	120	23	1	0	20	0.00223214	448	0.969443	FALSE	NA	NA	NA	NA	NA	NA
AF144305.1	349	G	A	1	1	21	313	43	23	0.996815	314	9.14019e-179	TRUE	NA	NA	NA	NA	NA	NA
AF144305.1	350	A	G	1	1	20	296	34	24	0.996633	297	1.23062e-170	TRUE	NA	NA	NA	NA	NA	NA
AF144305.1	351	T	C	0	0	0	283	31	24	1	283	9.99645e-165	TRUE	NA	NA	NA	NA	NA	NA
AF144305.1	352	T	C	0	0	0	305	19	24	1	305	7.02902e-176	TRUE	NA	NA	NA	NA	NA	NA
AF144305.1	356	A	G	206	22	24	1	0	22	0.00483092	207	0.876814	FALSE	NA	NA	NA	NA	NA	NA
AF144305.1	357	C	T	1	0	29	188	23	24	0.994709	189	2.8146e-108	TRUE	NA	NA	NA	NA	NA	NA
AF144305.1	363	T	+GAA	198	82	23	1	0	20	0.00505051	198	0.753152	FALSE	NA	NA	NA	NA	NA	NA
AF144305.1	367	G	A	224	61	24	1	0	26	0.00444444	225	0.876669	FALSE	NA	NA	NA	NA	NA	NA
AF144305.1	367	G	+A	224	61	24	1	0	20	0.00444444	225	0.876669	FALSE	NA	NA	NA	NA	NA	NA
AF144305.1	372	G	C	384	60	23	1	1	21	0.0025974	385	0.938311	FALSE	NA	NA	NA	NA	NA	NA
AF144305.1	375	A	+AG	276	46	24	1	0	20	0.00362319	276	0.877032	FALSE	NA	NA	NA	NA	NA	NA
AF144305.1	378	C	-CT	231	26	24	1	0	20	0.00431034	232	0.876618	FALSE	NA	NA	NA	NA	NA	NA
AF144305.1	378	C	+ACAT	231	26	24	1	0	20	0.00431034	232	0.876618	FALSE	NA	NA	NA	NA	NA	NA
AF144305.1	379	C	G	0	0	0	2	2	22	0.0110497	181	0.000180148	TRUE	NA	NA	NA	NA	NA	NA
AF144305.1	379	C	A	0	0	0	179	24	24	0.98895	181	1.83397e-105	TRUE	NA	NA	NA	NA	NA	NA
AF144305.1	380	T	A	181	31	23	1	0	31	0.00549451	182	0.5	FALSE	NA	NA	NA	NA	NA	NA
AF144305.1	381	A	G	2	0	24	206	64	23	0.990385	208	1.38762e-115	TRUE	NA	NA	NA	NA	NA	NA
AF144305.1	381	A	+T	2	0	24	1	0	20	0.00480769	208	0.0424477	FALSE	NA	NA	NA	NA	NA	NA
AF144305.1	382	T	C	186	59	23	1	0	23	0.00534759	187	0.752011	FALSE	NA	NA	NA	NA	NA	NA
AF144305.1	382	T	+G	186	59	23	1	0	20	0.00534759	187	0.752011	FALSE	NA	NA	NA	NA	NA	NA
AF144305.1	383	T	-G	222	107	23	1	0	20	0.0045045	222	0.877524	FALSE	NA	NA	NA	NA	NA	NA
AF144305.1	385	A	G	424	294	22	2	0	27	0.00469484	426	0.892002	FALSE	NA	NA	NA	NA	NA	NA
AF144305.1	386	G	A	459	323	22	1	0	25	0.00217391	460	0.969258	FALSE	NA	NA	NA	NA	NA	NA
AF144305.1	388	A	G	225	49	23	1	1	26	0.00442478	226	0.876661	FALSE	NA	NA	NA	NA	NA	NA
AF144305.1	390	A	G	219	35	24	1	0	27	0.00454545	220	0.876706	FALSE	NA	NA	NA	NA	NA	NA
AF144305.1	391	A	G	223	30	24	1	0	20	0.00446429	224	0.876676	FALSE	NA	NA	NA	NA	NA	NA
AF144305.1	392	C	T	0	0	0	143	28	24	1	143	4.91401e-83	TRUE	NA	NA	NA	NA	NA	NA
AF144305.1	396	C	T	0	0	0	145	32	24	1	145	3.13558e-84	TRUE	NA	NA	NA	NA	NA	NA
AF144305.1	397	C	T	220	63	24	1	0	32	0.00452489	221	0.501134	FALSE	NA	NA	NA	NA	NA	NA
AF144305.1	398	A	G	248	96	24	1	1	23	0.00401606	249	0.876508	FALSE	NA	NA	NA	NA	NA	NA
AF144305.1	399	T	C	235	95	23	2	0	28	0.00843882	237	0.688295	FALSE	NA	NA	NA	NA	NA	NA
AF144305.1	401	T	C	297	124	23	1	0	39	0.0033557	298	0.50084	FALSE	NA	NA	NA	NA	NA	NA
AF144305.1	402	T	-G	409	205	23	1	0	20	0.00244499	409	0.969509	FALSE	NA	NA	NA	NA	NA	NA
AF144305.1	403	G	A	482	269	23	1	1	22	0.00207039	483	0.969234	FALSE	NA	NA	NA	NA	NA	NA
AF144305.1	404	A	T	487	211	23	1	0	23	0.00204918	488	0.969229	FALSE	NA	NA	NA	NA	NA	NA
AF144305.1	405	G	-A	349	84	23	1	0	20	0.00286533	349	0.938748	FALSE	NA	NA	NA	NA	NA	NA
AF144305.1	406	A	C	265	35	23	1	0	32	0.0037594	266	0.5	FALSE	NA	NA	NA	NA	NA	NA
AF144305.1	408	A	G	1	0	20	193	28	24	0.994845	194	2.93439e-111	TRUE	NA	NA	NA	NA	NA	NA
AF144305.1	409	A	G	182	29	24	1	0	20	0.00546448	183	0.752055	FALSE	NA	NA	NA	NA	NA	NA
AF144305.1	409	A	-T	182	29	24	1	0	20	0.00546448	183	0.752055	FALSE	NA	NA	NA	NA	NA	NA
AF144305.1	410	T	C	184	46	24	2	0	26	0.0107527	186	0.5	FALSE	NA	NA	NA	NA	NA	NA
AF144305.1	411	T	-C	223	80	23	1	0	20	0.0044843	223	0.877513	FALSE	NA	NA	NA	NA	NA	NA
AF144305.1	418	A	+T	9	2	23	1	0	20	0.111111	9	0.555556	FALSE	NA	NA	NA	NA	NA	NA
AF144305.1	420	C	T	1	0	21	10	4	23	0.909091	11	3.11866e-05	TRUE	NA	NA	NA	NA	NA	NA
AF144305.1	426	A	G	0	0	0	21	10	24	1	21	3.71569e-12	TRUE	NA	NA	NA	NA	NA	NA
AF144305.1	428	G	+T	14	8	24	1	0	20	0.0714286	14	0.535714	FALSE	NA	NA	NA	NA	NA	NA
AF144305.1	432	T	C	0	0	0	12	7	23	1	12	7.39602e-07	TRUE	NA	NA	NA	NA	NA	NA
AF144305.1	436	T	C	0	0	0	17	1	22	1	17	8.57043e-10	TRUE	NA	NA	NA	NA	NA	NA
AF144305.1	438	C	A	0	0	0	20	0	23	1	20	1.45089e-11	TRUE	NA	NA	NA	NA	NA	NA
AF144305.1	447	T	A	0	0	0	5	0	24	1	5	0.00793651	TRUE	NA	NA	NA	NA	NA	NA
AF144305.1	448	G	A	0	0	0	6	0	26	1	6	0.0021645	TRUE	NA	NA	NA	NA	NA	NA
AF144305.1	450	C	A	0	0	0	7	0	27	1	7	0.000582751	TRUE	NA	NA	NA	NA	NA	NA
AF144305.1	454	T	C	0	0	0	8	1	25	1	8	0.0001554	TRUE	NA	NA	NA	NA	NA	NA
AF144305.1	455	C	T	0	0	0	10	3	24	1	10	1.08251e-05	TRUE	NA	NA	NA	NA	NA	NA
AF144305.1	466	T	G	0	0	0	9	3	25	1	9	4.11353e-05	TRUE	NA	NA	NA	NA	NA	NA
AF144305.1	471	A	T	0	0	0	10	0	25	1	10	1.08251e-05	TRUE	NA	NA	NA	NA	NA	NA
AF144305.1	479	A	G	6	0	25	1	1	22	0.142857	7	0.538462	FALSE	NA	NA	NA	NA	NA	NA
AF144305.1	482	A	-T	21	15	23	21	0	20	1	21	2.92326e-05	TRUE	NA	NA	NA	NA	NA	NA
AF144305.1	488	G	+C	14	0	26	14	0	20	1	14	0.00113838	TRUE	NA	NA	NA	NA	NA	NA
AF144305.1	489	G	A	0	0	0	8	1	29	1	8	0.0001554	TRUE	NA	NA	NA	NA	NA	NA
AF144305.1	490	T	C	0	0	0	9	1	28	1	9	4.11353e-05	TRUE	NA	NA	NA	NA	NA	NA
AF144305.1	495	C	-T	22	3	24	1	0	20	0.0454545	22	0.522727	FALSE	NA	NA	NA	NA	NA	NA
AF144305.1	496	T	C	19	6	24	1	0	21	0.05	20	0.512821	FALSE	NA	NA	NA	NA	NA	NA
AF144305.1	513	A	G	0	0	0	14	8	23	1	14	4.98547e-08	TRUE	NA	NA	NA	NA	NA	NA
AF144305.1	522	C	-A	11	5	23	1	0	20	0.0909091	11	0.545455	FALSE	NA	NA	NA	NA	NA	NA
AF144305.1	532	A	G	0	0	0	3	0	23	1	3	0.1	FALSE	NA	NA	NA	NA	NA	NA
AF144305.1	533	G	A	0	0	0	3	0	23	1	3	0.1	FALSE	NA	NA	NA	NA	NA	NA
AF144305.1	554	G	T	0	0	0	5	1	23	1	5	0.00793651	TRUE	NA	NA	NA	NA	NA	NA
AF144305.1	555	G	A	0	0	0	5	1	23	1	5	0.00793651	TRUE	NA	NA	NA	NA	NA	NA
AF144305.1	570	C	T	0	0	0	15	2	24	1	15	1.28935e-08	TRUE	NA	NA	NA	NA	NA	NA
AF144305.1	573	C	T	0	0	0	15	1	25	1	15	1.28935e-08	TRUE	NA	NA	NA	NA	NA	NA
AF144305.1	575	A	G	0	0	0	12	5	23	1	12	7.39602e-07	TRUE	NA	NA	NA	NA	NA	NA
AF144305.1	576	A	G	0	0	0	20	13	22	1	20	1.45089e-11	TRUE	NA	NA	NA	NA	NA	NA
AF144305.1	581	A	+TC	19	3	25	1	0	20	0.0526316	19	0.526316	FALSE	NA	NA	NA	NA	NA	NA
AF144305.1	584	T	C	17	2	25	1	0	25	0.0555556	18	0.514286	FALSE	NA	NA	NA	NA	NA	NA
AF144305.1	585	T	C	0	0	0	17	2	26	1	17	8.57043e-10	TRUE	NA	NA	NA	NA	NA	NA
AF144305.1	587	T	G	31	2	24	1	0	27	0.03125	32	0.507937	FALSE	NA	NA	NA	NA	NA	NA
AF144305.1	588	A	G	1	0	27	30	2	24	0.967742	31	1.33211e-16	TRUE	NA	NA	NA	NA	NA	NA
AF144305.1	588	A	-G	1	0	27	1	0	20	0.0322581	31	0.0625	FALSE	NA	NA	NA	NA	NA	NA
AF144305.1	589	G	A	0	0	0	28	2	24	1	28	1.30741e-16	TRUE	NA	NA	NA	NA	NA	NA
AF144305.1	595	T	-GGGG	44	12	23	1	0	20	0.0227273	44	0.511364	FALSE	NA	NA	NA	NA	NA	NA
AF144305.1	606	C	T	0	0	0	19	3	26	1	19	5.65847e-11	TRUE	NA	NA	NA	NA	NA	NA
AF144305.1	610	C	T	0	0	0	18	4	25	1	18	2.20382e-10	TRUE	NA	NA	NA	NA	NA	NA
AF144305.1	612	T	C	0	0	0	25	7	25	1	25	1.58215e-14	TRUE	NA	NA	NA	NA	NA	NA
AF144305.1	615	T	C	0	0	0	28	5	25	1	28	2.61483e-16	TRUE	NA	NA	NA	NA	NA	NA
AF144305.1	616	G	A	0	0	0	25	5	25	1	25	1.58215e-14	TRUE	NA	NA	NA	NA	NA	NA
AF144305.1	621	G	T	0	0	0	1	0	24	0.03125	32	0.03125	FALSE	NA	NA	NA	NA	NA	NA
AF144305.1	621	G	A	0	0	0	31	16	25	0.96875	32	2.14856e-18	TRUE	NA	NA	NA	NA	NA	NA
AF144305.1	622	G	-C	40	15	24	1	0	20	0.025	40	0.5125	FALSE	NA	NA	NA	NA	NA	NA
AF144305.1	623	C	G	0	0	0	1	0	24	0.0277778	36	0.027027	FALSE	NA	NA	NA	NA	NA	NA
AF144305.1	623	C	A	0	0	0	35	10	24	0.972222	36	4.51965e-21	TRUE	NA	NA	NA	NA	NA	NA
AF144305.1	632	C	-AAAGCTCTATCAAAACCCAACCACTTACATTTCCGTTGGAACATCAACACTGAACCAGAGATTGGTTCCAGAAAT	27	8	25	1	0	20	0.037037	27	0.518519	FALSE	NA	NA	NA	NA	NA	NA
AF144305.1	635	A	-GC	34	7	24	1	0	20	0.0285714	35	0.507246	FALSE	NA	NA	NA	NA	NA	NA
AF144305.1	636	G	T	0	0	0	26	7	25	1	26	1.02725e-15	TRUE	NA	NA	NA	NA	NA	NA
AF144305.1	641	A	C	30	9	25	1	0	20	0.0322581	31	0.5	FALSE	NA	NA	NA	NA	NA	NA
AF144305.1	642	T	C	1	0	21	37	17	25	0.973684	38	5.65823e-21	TRUE	NA	NA	NA	NA	NA	NA
AF144305.1	643	C	A	0	0	0	35	17	25	1	35	8.91375e-21	TRUE	NA	NA	NA	NA	NA	NA
AF144305.1	649	C	A	38	6	26	1	0	28	0.025641	39	0.5	FALSE	NA	NA	NA	NA	NA	NA
AF144305.1	653	C	T	1	0	31	20	6	28	0.952381	21	4.08726e-11	TRUE	NA	NA	NA	NA	NA	NA
AF144305.1	655	A	G	20	5	26	1	0	27	0.047619	21	0.5	FALSE	NA	NA	NA	NA	NA	NA
AF144305.1	657	T	C	0	0	0	21	5	26	1	21	1.85785e-12	TRUE	NA	NA	NA	NA	NA	NA
AF144305.1	658	T	+AC	26	5	26	1	0	20	0.037037	27	0.509434	FALSE	NA	NA	NA	NA	NA	NA
AF144305.1	666	C	A	0	0	0	40	12	26	1	40	9.3017e-24	TRUE	NA	NA	NA	NA	NA	NA
AF144305.1	669	T	C	33	16	25	1	0	25	0.0294118	34	0.5	FALSE	NA	NA	NA	NA	NA	NA
AF144305.1	681	A	T	0	0	0	38	11	25	1	38	1.45083e-22	TRUE	NA	NA	NA	NA	NA	NA
AF144305.1	682	C	T	0	0	0	34	11	25	1	34	3.51456e-20	TRUE	NA	NA	NA	NA	NA	NA
AF144305.1	684	G	A	0	0	0	33	11	25	1	33	1.38515e-19	TRUE	NA	NA	NA	NA	NA	NA
AF144305.1	689	A	G	45	23	25	1	1	39	0.0217391	46	0.5	FALSE	NA	NA	NA	NA	NA	NA
AF144305.1	693	A	G	0	0	0	31	12	26	1	31	2.14856e-18	TRUE	NA	NA	NA	NA	NA	NA
AF144305.1	698	T	C	0	0	0	33	11	27	1	33	1.38515e-19	TRUE	NA	NA	NA	NA	NA	NA
AF144305.1	699	T	A	0	0	0	39	11	26	1	39	3.67417e-23	TRUE	NA	NA	NA	NA	NA	NA
AF144305.1	702	A	T	56	23	25	1	0	20	0.0175439	57	0.5	FALSE	NA	NA	NA	NA	NA	NA
AF144305.1	703	G	A	0	0	0	45	14	25	1	45	9.63137e-27	TRUE	NA	NA	NA	NA	NA	NA
AF144305.1	708	A	T	23	7	27	1	0	23	0.04	25	0.5	FALSE	NA	NA	NA	NA	NA	NA
AF144305.1	708	A	G	23	7	27	1	0	22	0.04	25	0.5	FALSE	NA	NA	NA	NA	NA	NA
AF144305.1	714	T	A	31	13	26	1	0	24	0.03125	32	0.507937	FALSE	NA	NA	NA	NA	NA	NA
AF144305.1	716	G	+AT	27	11	26	1	0	20	0.037037	27	0.518519	FALSE	NA	NA	NA	NA	NA	NA
AF144305.1	717	A	+T	27	11	26	2	0	20	0.0740741	27	0.273401	FALSE	NA	NA	NA	NA	NA	NA
AF144305.1	718	C	T	3	3	22	25	11	27	0.892857	28	1.06162e-12	TRUE	NA	NA	NA	NA	NA	NA
AF144305.1	721	A	C	0	0	0	26	9	26	1	26	4.03292e-15	TRUE	NA	NA	NA	NA	NA	NA
AF144305.1	730	G	A	31	13	25	1	0	21	0.03125	32	0.507937	FALSE	NA	NA	NA	NA	NA	NA
AF144305.1	735	A	+C	45	8	27	1	0	20	0.0222222	45	0.511111	FALSE	NA	NA	NA	NA	NA	NA
AF144305.1	736	A	C	0	0	0	35	9	27	1	35	1.78275e-20	TRUE	NA	NA	NA	NA	NA	NA
AF144305.1	742	A	G	65	15	25	1	1	20	0.0151515	66	0.503817	FALSE	NA	NA	NA	NA	NA	NA
AF144305.1	750	G	C	0	0	0	47	15	26	1	47	1.23024e-27	TRUE	NA	NA	NA	NA	NA	NA
AF144305.1	754	T	C	55	14	26	1	0	22	0.0178571	56	0.504505	FALSE	NA	NA	NA	NA	NA	NA
AF144305.1	759	G	A	50	13	27	1	0	22	0.0196078	51	0.50495	FALSE	NA	NA	NA	NA	NA	NA
AF144305.1	765	T	C	0	0	0	32	10	25	1	32	1.09133e-18	TRUE	NA	NA	NA	NA	NA	NA
AF144305.1	766	T	A	35	11	25	1	1	22	0.0277778	36	0.507042	FALSE	NA	NA	NA	NA	NA	NA
AF144305.1	767	T	A	35	12	26	1	1	21	0.0277778	36	0.507042	FALSE	NA	NA	NA	NA	NA	NA
AF144305.1	771	G	A	1	1	23	54	19	26	0.981818	55	1.11644e-30	TRUE	NA	NA	NA	NA	NA	NA
AF144305.1	772	C	T	52	18	26	1	1	23	0.0188679	53	0.504762	FALSE	NA	NA	NA	NA	NA	NA
AF144305.1	773	C	+A	54	15	27	1	0	20	0.0185185	54	0.509259	FALSE	NA	NA	NA	NA	NA	NA
AF144305.1	774	G	A	0	0	0	52	14	27	1	52	1.26337e-30	TRUE	NA	NA	NA	NA	NA	NA
AF144305.1	775	A	G	0	0	0	46	12	27	1	46	4.8686e-27	TRUE	NA	NA	NA	NA	NA	NA
AF144305.1	782	C	+A	47	17	27	1	0	20	0.0212766	47	0.510638	FALSE	NA	NA	NA	NA	NA	NA
AF144305.1	783	C	A	0	0	0	47	18	27	1	47	1.23024e-27	TRUE	NA	NA	NA	NA	NA	NA
AF144305.1	787	A	C	0	0	0	51	21	28	1	51	5.00489e-30	TRUE	NA	NA	NA	NA	NA	NA
AF144305.1	792	C	-G	39	12	27	1	0	20	0.025641	39	0.512821	FALSE	NA	NA	NA	NA	NA	NA
AF144305.1	795	G	A	24	10	27	2	1	27	0.0769231	26	0.254902	FALSE	NA	NA	NA	NA	NA	NA
AF144305.1	801	T	C	0	0	0	33	12	26	1	33	2.7703e-19	TRUE	NA	NA	NA	NA	NA	NA
AF144305.1	834	A	G	38	10	26	1	1	22	0.025641	39	0.506494	FALSE	NA	NA	NA	NA	NA	NA
AF144305.1	840	C	T	0	0	0	34	6	26	1	34	7.02913e-20	TRUE	NA	NA	NA	NA	NA	NA
AF144305.1	841	A	-AG	48	20	25	1	0	20	0.0208333	48	0.510417	FALSE	NA	NA	NA	NA	NA	NA
AF144305.1	843	G	-A	38	13	26	1	0	20	0.025641	39	0.506494	FALSE	NA	NA	NA	NA	NA	NA
AF144305.1	850	G	-A	44	11	27	1	0	20	0.0227273	44	0.511364	FALSE	NA	NA	NA	NA	NA	NA
AF144305.1	855	A	G	0	0	0	34	9	26	1	34	7.02913e-20	TRUE	NA	NA	NA	NA	NA	NA
AF144305.1	856	G	A	0	0	0	35	10	26	1	35	1.78275e-20	TRUE	NA	NA	NA	NA	NA	NA
AF144305.1	864	G	-A	58	35	25	1	0	20	0.0172414	58	0.508621	FALSE	NA	NA	NA	NA	NA	NA
AF144305.1	868	A	G	61	33	25	1	1	22	0.016129	62	0.504065	FALSE	NA	NA	NA	NA	NA	NA
AF144305.1	870	T	+G	47	24	26	1	0	20	0.0212766	47	0.510638	FALSE	NA	NA	NA	NA	NA	NA
AF144305.1	871	G	A	47	24	26	1	0	33	0.0208333	48	0.505263	FALSE	NA	NA	NA	NA	NA	NA
AF144305.1	871	G	-AA	47	24	26	1	0	20	0.0208333	48	0.505263	FALSE	NA	NA	NA	NA	NA	NA
AF144305.1	872	A	G	0	0	0	47	26	26	1	47	1.23024e-27	TRUE	NA	NA	NA	NA	NA	NA
AF144305.1	874	T	G	0	0	0	51	26	26	1	51	5.00489e-30	TRUE	NA	NA	NA	NA	NA	NA
AF144305.1	877	G	-A	34	10	27	1	0	20	0.0294118	34	0.514706	FALSE	NA	NA	NA	NA	NA	NA
AF144305.1	880	T	G	27	8	27	1	1	25	0.0357143	28	0.509091	FALSE	NA	NA	NA	NA	NA	NA
AF144305.1	885	T	C	0	0	0	38	15	26	1	38	2.90165e-22	TRUE	NA	NA	NA	NA	NA	NA
AF144305.1	886	A	C	0	0	0	41	15	26	1	41	4.70827e-24	TRUE	NA	NA	NA	NA	NA	NA
AF144305.1	888	C	T	0	0	0	44	20	27	1	44	7.61948e-26	TRUE	NA	NA	NA	NA	NA	NA
AF144305.1	893	A	G	41	14	27	1	0	35	0.0238095	42	0.506024	FALSE	NA	NA	NA	NA	NA	NA
AF144305.1	895	A	G	48	23	26	1	0	35	0.0204082	49	0.505155	FALSE	NA	NA	NA	NA	NA	NA
AF144305.1	899	A	G	40	15	27	1	0	28	0.0243902	41	0.506173	FALSE	NA	NA	NA	NA	NA	NA
AF144305.1	900	G	A	1	0	31	55	15	26	0.982143	56	2.86746e-31	TRUE	NA	NA	NA	NA	NA	NA
AF144305.1	903	T	C	44	19	28	1	0	28	0.0222222	45	0.505618	FALSE	NA	NA	NA	NA	NA	NA
AF144305.1	903	T	+A	44	19	28	1	0	20	0.0222222	45	0.505618	FALSE	NA	NA	NA	NA	NA	NA
AF144305.1	909	T	C	0	0	0	64	38	26	1	64	8.35033e-38	TRUE	NA	NA	NA	NA	NA	NA
AF144305.1	912	A	C	64	25	26	1	0	24	0.0153846	65	0.503876	FALSE	NA	NA	NA	NA	NA	NA
AF144305.1	913	A	G	0	0	0	60	23	27	1	60	2.07007e-35	TRUE	NA	NA	NA	NA	NA	NA
AF144305.1	915	G	A	0	0	0	42	21	26	1	42	1.19125e-24	TRUE	NA	NA	NA	NA	NA	NA
AF144305.1	918	G	T	0	0	0	36	10	26	1	36	4.51965e-21	TRUE	NA	NA	NA	NA	NA	NA
AF144305.1	927	C	T	0	0	0	28	12	25	1	28	2.61483e-16	TRUE	NA	NA	NA	NA	NA	NA
AF144305.1	934	A	G	21	8	25	1	1	20	0.0454545	22	0.511628	FALSE	NA	NA	NA	NA	NA	NA
AF144305.1	942	C	T	0	0	0	49	16	25	1	49	7.85003e-29	TRUE	NA	NA	NA	NA	NA	NA
AF144305.1	944	A	+C	38	12	25	1	0	20	0.0263158	38	0.513158	FALSE	NA	NA	NA	NA	NA	NA
AF144305.1	945	C	+AA	47	13	25	1	0	20	0.0212766	47	0.510638	FALSE	NA	NA	NA	NA	NA	NA
AF144305.1	951	A	-CAC	21	10	27	1	0	20	0.047619	21	0.52381	FALSE	NA	NA	NA	NA	NA	NA
AF144305.1	954	C	T	0	0	0	19	9	28	1	19	2.82923e-11	TRUE	NA	NA	NA	NA	NA	NA
AF144305.1	956	C	+TCT	29	9	27	1	0	20	0.0344828	29	0.517241	FALSE	NA	NA	NA	NA	NA	NA
AF144305.1	957	C	T	0	0	0	30	9	27	1	30	1.69112e-17	TRUE	NA	NA	NA	NA	NA	NA
AF144305.1	963	C	A	40	8	25	1	1	26	0.0243902	41	0.506173	FALSE	NA	NA	NA	NA	NA	NA
AF144305.1	964	A	+T	32	8	26	1	0	20	0.03125	32	0.515625	FALSE	NA	NA	NA	NA	NA	NA
AF144305.1	965	T	-C	43	28	24	1	0	20	0.0232558	43	0.511628	FALSE	NA	NA	NA	NA	NA	NA
AF144305.1	966	C	T	0	0	0	68	54	22	1	68	1.68092e-40	TRUE	NA	NA	NA	NA	NA	NA
AF144305.1	967	G	T	79	67	22	1	0	38	0.0125	80	0.503145	FALSE	NA	NA	NA	NA	NA	NA
AF144305.1	974	G	+TT	66	47	23	1	0	20	0.0151515	66	0.507576	FALSE	NA	NA	NA	NA	NA	NA
AF144305.1	984	T	C	0	0	0	23	10	25	1	23	2.42912e-13	TRUE	NA	NA	NA	NA	NA	NA
AF144305.1	998	G	A	0	0	0	37	15	24	1	37	1.14539e-21	TRUE	NA	NA	NA	NA	NA	NA
AF144305.1	999	A	G	0	0	0	37	15	24	1	37	1.14539e-21	TRUE	NA	NA	NA	NA	NA	NA
AF144305.1	1002	A	G	0	0	0	34	12	25	1	34	7.02913e-20	TRUE	NA	NA	NA	NA	NA	NA
AF144305.1	1010	C	+CG	20	1	24	1	0	20	0.05	20	0.525	FALSE	NA	NA	NA	NA	NA	NA
AF144305.1	1014	T	C	45	35	22	1	1	23	0.0217391	46	0.505495	FALSE	NA	NA	NA	NA	NA	NA
AF144305.1	1017	A	G	0	0	0	49	14	23	1	49	7.85003e-29	TRUE	NA	NA	NA	NA	NA	NA
AF144305.1	1025	A	+TGG	39	10	25	1	0	20	0.025641	39	0.512821	FALSE	NA	NA	NA	NA	NA	NA
AF144305.1	1027	A	+GT	27	10	25	2	0	20	0.0740741	27	0.273401	FALSE	NA	NA	NA	NA	NA	NA
AF144305.1	1028	C	G	2	0	36	27	13	24	0.9	30	1.54653e-14	TRUE	NA	NA	NA	NA	NA	NA
AF144305.1	1028	C	A	2	0	36	1	1	22	0.0333333	30	0.09375	FALSE	NA	NA	NA	NA	NA	NA
AF144305.1	1029	C	T	1	0	33	27	13	24	0.964286	28	7.32151e-15	TRUE	NA	NA	NA	NA	NA	NA
AF144305.1	1030	C	T	23	10	24	2	0	39	0.08	25	0.255102	FALSE	NA	NA	NA	NA	NA	NA
AF144305.1	1031	C	T	18	6	26	9	3	22	0.333333	27	0.00105759	TRUE	NA	NA	NA	NA	NA	NA
AF144305.1	1033	C	T	21	6	24	1	0	25	0.0416667	24	0.488889	FALSE	NA	NA	NA	NA	NA	NA
AF144305.1	1033	C	A	21	6	24	2	0	29	0.0833333	24	0.244444	FALSE	NA	NA	NA	NA	NA	NA
AF144305.1	1034	A	T	1	0	24	21	7	25	0.954545	22	2.09116e-11	TRUE	NA	NA	NA	NA	NA	NA
AF144305.1	1035	G	A	4	3	21	31	19	24	0.885714	35	7.33165e-16	TRUE	NA	NA	NA	NA	NA	NA
AF144305.1	1036	A	-G	43	32	23	1	0	20	0.0227273	44	0.505747	FALSE	NA	NA	NA	NA	NA	NA
AF144305.1	1037	G	-AGAGAGA	52	39	23	1	0	20	0.0188679	53	0.504762	FALSE	NA	NA	NA	NA	NA	NA
AF144305.1	1041	G	A	5	5	20	53	30	23	0.913793	58	6.26071e-28	TRUE	NA	NA	NA	NA	NA	NA
AF144305.1	1043	G	A	7	6	23	77	38	23	0.916667	84	3.51953e-40	TRUE	NA	NA	NA	NA	NA	NA
AF144305.1	1043	G	-A	7	6	23	5	0	20	0.0588235	85	1.29573e-05	TRUE	NA	NA	NA	NA	NA	NA
AF144305.1	1044	A	G	4	3	21	74	34	23	0.948718	78	2.42462e-41	TRUE	NA	NA	NA	NA	NA	NA
AF144305.1	1044	A	-AG	4	3	21	1	0	20	0.0120482	83	0.0574713	FALSE	NA	NA	NA	NA	NA	NA
AF144305.1	1046	G	-A	64	29	23	3	0	20	0.0461538	65	0.130836	FALSE	NA	NA	NA	NA	NA	NA
AF144305.1	1050	A	T	70	35	23	1	0	25	0.0140845	71	0.493056	FALSE	NA	NA	NA	NA	NA	NA
AF144305.1	1051	A	-AAAAG	80	41	23	2	0	20	0.0240964	83	0.248466	FALSE	NA	NA	NA	NA	NA	NA
AF144305.1	1052	A	G	75	37	23	2	2	23	0.025974	77	0.235911	FALSE	NA	NA	NA	NA	NA	NA
AF144305.1	1052	A	-AAAG	75	37	23	7	0	20	0.0853659	82	0.00714188	TRUE	NA	NA	NA	NA	NA	NA
AF144305.1	1052	A	+G	75	37	23	1	0	20	0.0121951	82	0.484076	FALSE	NA	NA	NA	NA	NA	NA
AF144305.1	1053	A	-AAG	82	40	24	76	0	20	0.791667	96	2.63972e-20	TRUE	NA	NA	NA	NA	NA	NA
AF144305.1	1054	A	-AG	8	7	22	4	0	20	0.0366972	109	0.000284671	TRUE	NA	NA	NA	NA	NA	NA
AF144305.1	1055	A	-G	5	5	20	1	0	20	0.00909091	110	0.102059	FALSE	NA	NA	NA	NA	NA	NA
AF144305.1	1056	G	A	0	0	0	5	5	23	1	5	3.9094e-08	TRUE	NA	NA	NA	NA	NA	NA
AF144305.1	1062	A	T	0	0	0	32	9	25	1	32	1.09133e-18	TRUE	NA	NA	NA	NA	NA	NA
AF144305.1	1065	A	G	0	0	0	50	23	24	1	50	1.98233e-29	TRUE	NA	NA	NA	NA	NA	NA
AF144305.1	1066	T	C	67	38	23	1	1	25	0.0147059	68	0.503704	FALSE	NA	NA	NA	NA	NA	NA
AF144305.1	1068	T	+G	95	53	23	1	0	20	0.0105263	95	0.505263	FALSE	NA	NA	NA	NA	NA	NA
AF144305.1	1071	A	G	0	0	0	50	9	23	1	50	1.98233e-29	TRUE	NA	NA	NA	NA	NA	NA
AF144305.1	1074	T	G	0	0	0	26	9	25	1	26	4.03292e-15	TRUE	NA	NA	NA	NA	NA	NA
AF144305.1	1083	T	G	0	0	0	50	9	23	1	50	1.98233e-29	TRUE	NA	NA	NA	NA	NA	NA
AF144305.1	1088	T	-A	22	9	25	3	0	20	0.136364	22	0.151515	FALSE	NA	NA	NA	NA	NA	NA
AF144305.1	1099	T	C	85	46	23	1	0	34	0.0116279	86	0.502924	FALSE	NA	NA	NA	NA	NA	NA
AF144305.1	1103	A	-G	79	45	23	2	0	20	0.0253165	79	0.257941	FALSE	NA	NA	NA	NA	NA	NA
AF144305.1	1103	A	+G	79	45	23	1	0	20	0.0126582	79	0.506329	FALSE	NA	NA	NA	NA	NA	NA
AF144305.1	1113	A	T	0	0	0	48	15	26	1	48	3.10797e-28	TRUE	NA	NA	NA	NA	NA	NA
AF144305.1	1133	A	-C	61	23	25	1	0	20	0.0163934	61	0.508197	FALSE	NA	NA	NA	NA	NA	NA
AF144305.1	1134	C	T	1	0	35	55	23	25	0.982143	56	2.86746e-31	TRUE	NA	NA	NA	NA	NA	NA
AF144305.1	1141	A	G	64	27	26	1	1	32	0.0153846	65	0.503876	FALSE	NA	NA	NA	NA	NA	NA
AF144305.1	1147	C	-A	140	101	24	2	0	20	0.0142857	140	0.508036	FALSE	NA	NA	NA	NA	NA	NA
AF144305.1	1158	A	G	0	0	0	75	18	25	1	75	2.15457e-44	TRUE	NA	NA	NA	NA	NA	NA
AF144305.1	1167	A	G	0	0	0	58	22	27	1	58	3.25668e-34	TRUE	NA	NA	NA	NA	NA	NA
AF144305.1	1170	C	T	85	49	24	1	1	28	0.0116279	86	0.502924	FALSE	NA	NA	NA	NA	NA	NA
AF144305.1	1176	A	G	64	23	27	2	1	22	0.030303	66	0.251908	FALSE	NA	NA	NA	NA	NA	NA
AF144305.1	1177	T	C	68	30	27	1	0	21	0.0144928	69	0.50365	FALSE	NA	NA	NA	NA	NA	NA
AF144305.1	1177	T	+C	68	30	27	1	0	20	0.0144928	69	0.50365	FALSE	NA	NA	NA	NA	NA	NA
AF144305.1	1181	C	-T	77	33	25	5	0	20	0.0649351	77	0.0354468	FALSE	NA	NA	NA	NA	NA	NA
AF144305.1	1182	T	C	0	0	0	109	30	25	1	109	6.21319e-64	TRUE	NA	NA	NA	NA	NA	NA
AF144305.1	1187	A	G	137	57	24	2	1	23	0.0143885	139	0.502717	FALSE	NA	NA	NA	NA	NA	NA
AF144305.1	1203	C	T	0	0	0	71	27	26	1	71	5.3671e-42	TRUE	NA	NA	NA	NA	NA	NA
AF144305.1	1216	A	+ACTCAATCATTGACAAAATGAACACTCAATTTGAGGCAGTTGGAAGGGAGTTTAATAACTTAGAAAGGAGGATAGAGAATTTGAACAT	77	26	27	1	0	20	0.012987	77	0.506494	FALSE	NA	NA	NA	NA	NA	NA
AF144305.1	1216	A	+ACTCAATCATTGACAAAATGAACACTCAATTT	77	26	27	1	0	20	0.012987	77	0.506494	FALSE	NA	NA	NA	NA	NA	NA
AF144305.1	1219	T	A	86	23	26	1	1	29	0.0114943	87	0.50289	FALSE	NA	NA	NA	NA	NA	NA
AF144305.1	1221	G	A	0	0	0	89	29	27	1	89	8.74119e-53	TRUE	NA	NA	NA	NA	NA	NA
AF144305.1	1223	T	C	75	26	28	1	0	24	0.0131579	76	0.503311	FALSE	NA	NA	NA	NA	NA	NA
AF144305.1	1230	C	T	111	65	26	1	0	41	0.00892857	112	0.502242	FALSE	NA	NA	NA	NA	NA	NA
AF144305.1	1230	C	+A	111	65	26	1	0	20	0.00892857	112	0.753363	FALSE	NA	NA	NA	NA	NA	NA
AF144305.1	1245	G	C	0	0	0	1	0	41	0.0149254	67	0.0149254	FALSE	NA	NA	NA	NA	NA	NA
AF144305.1	1245	G	A	0	0	0	66	20	25	0.985075	67	2.64978e-39	TRUE	NA	NA	NA	NA	NA	NA
AF144305.1	1247	T	+GA	73	30	26	1	0	20	0.0136986	73	0.506849	FALSE	NA	NA	NA	NA	NA	NA
AF144305.1	1250	A	-GGCC	92	41	26	1	0	20	0.0108696	92	0.505435	FALSE	NA	NA	NA	NA	NA	NA
AF144305.1	1254	C	A	0	0	0	182	68	26	1	182	5.84251e-107	TRUE	NA	NA	NA	NA	NA	NA
AF144305.1	1255	G	T	199	67	25	2	0	31	0.00995025	201	0.250623	FALSE	NA	NA	NA	NA	NA	NA
AF144305.1	1259	G	-A	177	79	25	1	0	20	0.00564972	177	0.753525	FALSE	NA	NA	NA	NA	NA	NA
AF144305.1	1261	A	G	205	72	25	2	2	22	0.00966184	207	0.690232	FALSE	NA	NA	NA	NA	NA	NA
AF144305.1	1261	A	-G	205	72	25	13	0	20	0.0628019	207	0.00444802	TRUE	NA	NA	NA	NA	NA	NA
AF144305.1	1262	G	+A	172	56	26	1	0	20	0.00540541	185	0.735058	FALSE	NA	NA	NA	NA	NA	NA
AF144305.1	1265	A	G	141	42	25	1	1	30	0.00704225	142	0.501767	FALSE	NA	NA	NA	NA	NA	NA
AF144305.1	1266	A	G	7	0	23	131	38	25	0.949275	138	9.4745e-69	TRUE	NA	NA	NA	NA	NA	NA
AF144305.1	1267	T	G	123	40	25	6	0	24	0.0465116	129	0.0599467	FALSE	NA	NA	NA	NA	NA	NA
AF144305.1	1271	A	G	139	48	25	1	1	25	0.00714286	140	0.752688	FALSE	NA	NA	NA	NA	NA	NA
AF144305.1	1271	A	-TAACTTG	139	48	25	1	0	20	0.00714286	140	0.752688	FALSE	NA	NA	NA	NA	NA	NA
AF144305.1	1272	T	-A	123	50	26	1	0	20	0.00813008	123	0.755069	FALSE	NA	NA	NA	NA	NA	NA
AF144305.1	1273	A	G	125	57	26	1	0	21	0.00793651	126	0.752988	FALSE	NA	NA	NA	NA	NA	NA
AF144305.1	1274	A	+G	120	52	26	1	0	20	0.00833333	120	0.755195	FALSE	NA	NA	NA	NA	NA	NA
AF144305.1	1275	C	T	89	42	26	32	14	25	0.264463	121	4.88276e-10	TRUE	NA	NA	NA	NA	NA	NA
AF144305.1	1275	C	-T	89	42	26	3	0	20	0.0247934	121	0.218374	FALSE	NA	NA	NA	NA	NA	NA
AF144305.1	1276	T	+TCTAAGGAGGATAGAGAATTTGAACACCAAAACAGCATAACCA	130	68	25	1	0	20	0.0075188	133	0.749049	FALSE	NA	NA	NA	NA	NA	NA
AF144305.1	1277	T	A	164	86	25	1	1	28	0.00606061	165	0.75228	FALSE	NA	NA	NA	NA	NA	NA
AF144305.1	1277	T	-GGAAA	164	86	25	1	0	20	0.00606061	165	0.75228	FALSE	NA	NA	NA	NA	NA	NA
AF144305.1	1277	T	+A	164	86	25	3	0	20	0.0181818	165	0.318208	FALSE	NA	NA	NA	NA	NA	NA
AF144305.1	1278	G	T	2	1	27	1	1	24	0.00588235	170	0.0346797	FALSE	NA	NA	NA	NA	NA	NA
AF144305.1	1278	G	A	2	1	27	167	107	25	0.982353	170	9.93909e-95	TRUE	NA	NA	NA	NA	NA	NA
AF144305.1	1279	G	A	149	82	25	2	1	29	0.013245	151	0.5025	FALSE	NA	NA	NA	NA	NA	NA
AF144305.1	1282	A	G	203	105	25	1	0	26	0.00490196	204	0.87684	FALSE	NA	NA	NA	NA	NA	NA
AF144305.1	1283	G	+A	180	90	26	1	0	20	0.00555556	180	0.753466	FALSE	NA	NA	NA	NA	NA	NA
AF144305.1	1288	A	G	126	39	27	2	0	28	0.015625	128	0.502953	FALSE	NA	NA	NA	NA	NA	NA
AF144305.1	1289	T	-AG	107	44	27	2	0	20	0.0186916	107	0.510514	FALSE	NA	NA	NA	NA	NA	NA
AF144305.1	1289	T	-A	107	44	27	2	0	20	0.0186916	107	0.510514	FALSE	NA	NA	NA	NA	NA	NA
AF144305.1	1295	A	G	136	52	27	1	0	27	0.00729927	137	0.752747	FALSE	NA	NA	NA	NA	NA	NA
AF144305.1	1296	T	C	143	54	26	1	0	26	0.00694444	144	0.752613	FALSE	NA	NA	NA	NA	NA	NA
AF144305.1	1297	T	C	146	59	26	1	0	24	0.00680272	147	0.75256	FALSE	NA	NA	NA	NA	NA	NA
AF144305.1	1298	T	C	157	57	26	1	0	30	0.00628931	159	0.5	FALSE	NA	NA	NA	NA	NA	NA
AF144305.1	1298	T	A	157	57	26	1	0	26	0.00628931	159	0.750794	FALSE	NA	NA	NA	NA	NA	NA
AF144305.1	1299	A	G	0	0	0	162	65	26	1	162	2.15361e-94	TRUE	NA	NA	NA	NA	NA	NA
AF144305.1	1301	A	G	154	53	26	1	1	21	0.00645161	155	0.752427	FALSE	NA	NA	NA	NA	NA	NA
AF144305.1	1304	A	G	223	137	26	1	1	23	0.00444444	225	0.875839	FALSE	NA	NA	NA	NA	NA	NA
AF144305.1	1304	A	C	223	137	26	1	0	32	0.00444444	225	0.5	FALSE	NA	NA	NA	NA	NA	NA
AF144305.1	1305	G	A	210	125	26	4	4	22	0.0186916	214	0.34485	FALSE	NA	NA	NA	NA	NA	NA
AF144305.1	1306	C	A	0	0	0	198	102	25	1	198	3.07721e-116	TRUE	NA	NA	NA	NA	NA	NA
AF144305.1	1308	G	A	0	0	0	246	119	25	1	246	1.33246e-142	TRUE	NA	NA	NA	NA	NA	NA
AF144305.1	1309	A	G	253	115	25	1	1	28	0.00393701	254	0.876478	FALSE	NA	NA	NA	NA	NA	NA
AF144305.1	1310	T	-G	262	127	25	1	0	20	0.00381679	262	0.87714	FALSE	NA	NA	NA	NA	NA	NA
AF144305.1	1322	T	C	121	45	26	1	1	29	0.00819672	122	0.753086	FALSE	NA	NA	NA	NA	NA	NA
AF144305.1	1325	T	G	142	36	26	1	1	31	0.00699301	143	0.501754	FALSE	NA	NA	NA	NA	NA	NA
AF144305.1	1325	T	+AAGAG	142	36	26	1	0	20	0.00699301	143	0.752632	FALSE	NA	NA	NA	NA	NA	NA
AF144305.1	1327	G	C	139	41	26	1	1	36	0.00714286	140	0.501792	FALSE	NA	NA	NA	NA	NA	NA
AF144305.1	1329	T	C	137	42	26	1	1	36	0.00724638	138	0.501818	FALSE	NA	NA	NA	NA	NA	NA
AF144305.1	1331	T	-C	148	55	27	1	0	20	0.00675676	148	0.754214	FALSE	NA	NA	NA	NA	NA	NA
AF144305.1	1334	G	A	159	49	27	1	0	23	0.00625	160	0.752351	FALSE	NA	NA	NA	NA	NA	NA
AF144305.1	1338	T	A	0	0	0	138	34	27	1	138	4.77171e-80	TRUE	NA	NA	NA	NA	NA	NA
AF144305.1	1342	A	G	117	46	27	1	1	21	0.00847458	118	0.751064	FALSE	NA	NA	NA	NA	NA	NA
AF144305.1	1346	C	+T	162	68	26	1	0	20	0.00613497	163	0.752308	FALSE	NA	NA	NA	NA	NA	NA
AF144305.1	1347	T	C	155	57	26	1	1	33	0.00641026	156	0.498403	FALSE	NA	NA	NA	NA	NA	NA
AF144305.1	1347	T	+A	155	57	26	1	0	20	0.00632911	158	0.749201	FALSE	NA	NA	NA	NA	NA	NA
AF144305.1	1353	T	C	164	39	26	1	0	23	0.00606061	165	0.75228	FALSE	NA	NA	NA	NA	NA	NA
AF144305.1	1353	T	+A	164	39	26	1	0	20	0.00606061	165	0.75228	FALSE	NA	NA	NA	NA	NA	NA
AF144305.1	1354	C	T	173	36	26	1	1	27	0.00574713	174	0.752161	FALSE	NA	NA	NA	NA	NA	NA
AF144305.1	1355	T	+GA	169	36	26	1	0	20	0.00591716	169	0.753692	FALSE	NA	NA	NA	NA	NA	NA
AF144305.1	1355	T	+A	169	36	26	1	0	20	0.00591716	169	0.753692	FALSE	NA	NA	NA	NA	NA	NA
AF144305.1	1356	G	A	0	0	0	166	40	25	1	166	8.72457e-97	TRUE	NA	NA	NA	NA	NA	NA
AF144305.1	1359	T	C	137	45	26	1	1	20	0.00724638	138	0.750909	FALSE	NA	NA	NA	NA	NA	NA
AF144305.1	1359	T	+G	137	45	26	1	0	20	0.00719424	139	0.750909	FALSE	NA	NA	NA	NA	NA	NA
AF144305.1	1364	T	C	157	73	25	1	0	31	0.00632911	158	0.5	FALSE	NA	NA	NA	NA	NA	NA
AF144305.1	1369	A	-ATG	210	47	27	2	0	20	0.00952381	210	0.693734	FALSE	NA	NA	NA	NA	NA	NA
AF144305.1	1371	T	C	1	1	26	159	43	26	0.99375	160	1.35725e-91	TRUE	NA	NA	NA	NA	NA	NA
AF144305.1	1372	G	A	140	64	26	1	0	25	0.0070922	141	0.74735	FALSE	NA	NA	NA	NA	NA	NA
AF144305.1	1373	A	G	185	108	25	1	0	23	0.00537634	186	0.752022	FALSE	NA	NA	NA	NA	NA	NA
AF144305.1	1374	G	C	140	65	26	2	0	27	0.013986	143	0.5	FALSE	NA	NA	NA	NA	NA	NA
AF144305.1	1374	G	A	140	65	26	1	0	20	0.00699301	143	0.749117	FALSE	NA	NA	NA	NA	NA	NA
AF144305.1	1374	G	-A	140	65	26	1	0	20	0.00699301	143	0.749117	FALSE	NA	NA	NA	NA	NA	NA
AF144305.1	1375	A	+G	135	59	26	1	0	20	0.00740741	135	0.754619	FALSE	NA	NA	NA	NA	NA	NA
AF144305.1	1377	A	G	1	0	23	138	49	26	0.992806	139	1.65227e-78	TRUE	NA	NA	NA	NA	NA	NA
AF144305.1	1378	A	G	134	46	26	1	0	32	0.00740741	135	0.501859	FALSE	NA	NA	NA	NA	NA	NA
AF144305.1	1378	A	+GGCTG	134	46	26	1	0	20	0.00740741	135	0.752788	FALSE	NA	NA	NA	NA	NA	NA
AF144305.1	1382	T	+C	151	54	25	1	0	20	0.00657895	152	0.752475	FALSE	NA	NA	NA	NA	NA	NA
AF144305.1	1385	A	-C	163	70	26	1	0	20	0.00613497	163	0.753827	FALSE	NA	NA	NA	NA	NA	NA
AF144305.1	1386	C	T	0	0	0	160	80	26	1	160	1.69123e-93	TRUE	NA	NA	NA	NA	NA	NA
AF144305.1	1388	T	C	130	41	25	1	1	21	0.00763359	131	0.752874	FALSE	NA	NA	NA	NA	NA	NA
AF144305.1	1389	T	C	1	0	22	133	45	25	0.992537	134	1.54349e-75	TRUE	NA	NA	NA	NA	NA	NA
AF144305.1	1389	T	+CC	1	0	22	1	0	20	0.00746269	134	0.0295191	FALSE	NA	NA	NA	NA	NA	NA
AF144305.1	1392	T	C	119	41	25	1	0	27	0.00833333	120	0.753138	FALSE	NA	NA	NA	NA	NA	NA
AF144305.1	1395	C	T	0	0	0	146	73	25	1	146	7.91976e-85	TRUE	NA	NA	NA	NA	NA	NA
AF144305.1	1397	C	T	167	75	25	1	1	20	0.00595238	168	0.752239	FALSE	NA	NA	NA	NA	NA	NA
AF144305.1	1402	G	+TT	211	101	26	1	0	20	0.00473934	211	0.877655	FALSE	NA	NA	NA	NA	NA	NA
AF144305.1	1402	G	+T	211	101	26	2	0	20	0.00947867	211	0.693704	FALSE	NA	NA	NA	NA	NA	NA
AF144305.1	1403	T	+AG	198	106	26	1	0	20	0.00505051	198	0.753152	FALSE	NA	NA	NA	NA	NA	NA
AF144305.1	1404	C	+AAGA	206	129	25	1	0	20	0.00485437	206	0.87772	FALSE	NA	NA	NA	NA	NA	NA
AF144305.1	1406	A	G	153	77	26	1	0	21	0.00649351	154	0.752443	FALSE	NA	NA	NA	NA	NA	NA
AF144305.1	1409	A	G	126	50	27	2	0	30	0.015625	128	0.25098	FALSE	NA	NA	NA	NA	NA	NA
AF144305.1	1411	C	-TT	126	48	26	1	0	20	0.00793651	126	0.754948	FALSE	NA	NA	NA	NA	NA	NA
AF144305.1	1411	C	-T	126	48	26	4	0	20	0.031746	126	0.197523	FALSE	NA	NA	NA	NA	NA	NA
AF144305.1	1413	T	C	127	32	26	1	1	36	0.0078125	128	0.498054	FALSE	NA	NA	NA	NA	NA	NA
AF144305.1	1415	A	+C	119	36	25	1	0	20	0.00826446	121	0.751046	FALSE	NA	NA	NA	NA	NA	NA
AF144305.1	1416	T	C	3	1	21	396	187	30	0.992481	399	4.53228e-232	TRUE	NA	NA	NA	NA	NA	NA
AF144305.1	1421	A	G	573	358	29	1	0	26	0.00174216	574	0.98466	FALSE	NA	NA	NA	NA	NA	NA
AF144305.1	1421	A	-G	573	358	29	1	0	20	0.00174216	574	0.98466	FALSE	NA	NA	NA	NA	NA	NA
AF144305.1	1422	G	A	3	1	22	710	404	28	0.995792	713	0	TRUE	NA	NA	NA	NA	NA	NA
AF144305.1	1424	T	-C	648	358	28	1	0	20	0.00154321	648	0.992397	FALSE	NA	NA	NA	NA	NA	NA
AF144305.1	1426	C	A	1	0	24	556	262	29	0.998205	557	0	TRUE	NA	NA	NA	NA	NA	NA
AF144305.1	1429	C	T	3	1	31	488	234	29	0.99389	491	8.97985e-278	TRUE	NA	NA	NA	NA	NA	NA
AF144305.1	1431	A	G	511	272	29	1	1	33	0.00195312	512	0.500489	FALSE	NA	NA	NA	NA	NA	NA
AF144305.1	1433	A	G	530	281	29	2	2	37	0.0037594	532	0.250235	FALSE	NA	NA	NA	NA	NA	NA
AF144305.1	1434	G	A	540	258	29	1	1	26	0.00184843	541	0.984677	FALSE	NA	NA	NA	NA	NA	NA
AF144305.1	1435	C	T	763	401	29	1	1	25	0.0013089	764	0.996185	FALSE	NA	NA	NA	NA	NA	NA
AF144305.1	1435	C	-T	763	401	29	1	0	20	0.0013089	764	0.996185	FALSE	NA	NA	NA	NA	NA	NA
AF144305.1	1436	T	C	813	406	29	1	0	22	0.0012285	814	0.99809	FALSE	NA	NA	NA	NA	NA	NA
AF144305.1	1437	T	C	735	412	29	4	2	29	0.00541272	739	0.888029	FALSE	NA	NA	NA	NA	NA	NA
AF144305.1	1437	T	-A	735	412	29	1	0	20	0.00135318	739	0.996126	FALSE	NA	NA	NA	NA	NA	NA
AF144305.1	1437	T	+C	735	412	29	4	0	20	0.00541272	739	0.888029	FALSE	NA	NA	NA	NA	NA	NA
AF144305.1	1439	G	A	662	376	29	1	1	27	0.0015083	663	0.992311	FALSE	NA	NA	NA	NA	NA	NA
AF144305.1	1441	G	A	623	345	29	2	0	21	0.0032	625	0.965455	FALSE	NA	NA	NA	NA	NA	NA
AF144305.1	1442	A	G	637	329	29	1	0	26	0.0015674	638	0.992358	FALSE	NA	NA	NA	NA	NA	NA
AF144305.1	1443	T	C	620	333	30	2	1	40	0.00321543	622	0.250201	FALSE	NA	NA	NA	NA	NA	NA
AF144305.1	1446	T	C	844	574	28	2	1	23	0.00236407	846	0.98949	FALSE	NA	NA	NA	NA	NA	NA
AF144305.1	1448	C	+AA	701	392	27	1	0	20	0.00142653	701	0.996215	FALSE	NA	NA	NA	NA	NA	NA
AF144305.1	1448	C	+A	701	392	27	3	0	20	0.0042796	701	0.946928	FALSE	NA	NA	NA	NA	NA	NA
AF144305.1	1450	A	G	982	644	27	2	2	24	0.00203252	984	0.994276	FALSE	NA	NA	NA	NA	NA	NA
AF144305.1	1451	A	-G	1063	688	27	1	0	20	0.000940734	1063	0.999529	FALSE	NA	NA	NA	NA	NA	NA
AF144305.1	1452	G	A	1028	654	28	2	2	25	0.00194175	1030	0.996896	FALSE	NA	NA	NA	NA	NA	NA
AF144305.1	1453	G	+GA	1016	635	29	1	0	20	0.000984252	1016	0.99953	FALSE	NA	NA	NA	NA	NA	NA
AF144305.1	1454	A	T	998	646	29	1	1	31	0.000996016	1004	0.749125	FALSE	NA	NA	NA	NA	NA	NA
AF144305.1	1454	A	G	998	646	29	5	3	35	0.00498008	1004	0.109024	FALSE	NA	NA	NA	NA	NA	NA
AF144305.1	1455	G	+GA	996	649	29	1	0	20	0.00100402	996	0.999055	FALSE	NA	NA	NA	NA	NA	NA
AF144305.1	1456	C	G	1002	647	28	1	0	26	0.000995025	1005	0.999522	FALSE	NA	NA	NA	NA	NA	NA
AF144305.1	1456	C	A	1002	647	28	2	1	29	0.00199005	1005	0.996898	FALSE	NA	NA	NA	NA	NA	NA
AF144305.1	1456	C	+T	1002	647	28	1	0	20	0.000995025	1005	0.999522	FALSE	NA	NA	NA	NA	NA	NA
AF144305.1	1457	T	-G	836	480	29	1	0	20	0.00119617	836	0.998109	FALSE	NA	NA	NA	NA	NA	NA
AF144305.1	1457	T	+G	836	480	29	1	0	20	0.00119617	836	0.998109	FALSE	NA	NA	NA	NA	NA	NA
AF144305.1	1457	T	+A	836	480	29	2	0	20	0.00239234	836	0.989596	FALSE	NA	NA	NA	NA	NA	NA
AF144305.1	1458	G	A	865	469	28	1	0	20	0.00115473	866	0.998087	FALSE	NA	NA	NA	NA	NA	NA
AF144305.1	1459	G	+T	805	412	29	1	0	20	0.00124224	805	0.998112	FALSE	NA	NA	NA	NA	NA	NA
AF144305.1	1460	G	T	763	343	29	1	1	24	0.0013089	764	0.996185	FALSE	NA	NA	NA	NA	NA	NA
AF144305.1	1460	G	-T	763	343	29	1	0	20	0.0013089	764	0.996185	FALSE	NA	NA	NA	NA	NA	NA
AF144305.1	1461	T	A	624	312	30	1	1	24	0.0016	625	0.992318	FALSE	NA	NA	NA	NA	NA	NA
AF144305.1	1461	T	+G	624	312	30	1	0	20	0.00159744	626	0.992318	FALSE	NA	NA	NA	NA	NA	NA
AF144305.1	1462	A	+AC	640	334	30	1	0	20	0.0015625	640	0.992399	FALSE	NA	NA	NA	NA	NA	NA
AF144305.1	1463	A	G	625	329	30	1	0	50	0.0015949	627	0.5	FALSE	NA	NA	NA	NA	NA	NA
AF144305.1	1463	A	C	625	329	30	1	1	24	0.0015949	627	0.992318	FALSE	NA	NA	NA	NA	NA	NA
AF144305.1	1463	A	-T	625	329	30	1	0	20	0.0015949	627	0.992318	FALSE	NA	NA	NA	NA	NA	NA
AF144305.1	1463	A	+C	625	329	30	1	0	20	0.0015949	627	0.992318	FALSE	NA	NA	NA	NA	NA	NA
AF144305.1	1464	T	G	0	0	0	2	2	23	0.00332226	602	0.000153757	TRUE	NA	NA	NA	NA	NA	NA
AF144305.1	1464	T	C	0	0	0	599	319	30	0.995017	602	0	TRUE	NA	NA	NA	NA	NA	NA
AF144305.1	1464	T	A	0	0	0	1	0	20	0.00166113	602	0.0116086	FALSE	NA	NA	NA	NA	NA	NA
AF144305.1	1465	G	C	613	368	30	1	1	20	0.00162338	616	0.992276	FALSE	NA	NA	NA	NA	NA	NA
AF144305.1	1465	G	A	613	368	30	2	1	28	0.00324675	616	0.965288	FALSE	NA	NA	NA	NA	NA	NA
AF144305.1	1466	G	C	625	371	29	1	1	26	0.00159744	626	0.992361	FALSE	NA	NA	NA	NA	NA	NA
AF144305.1	1466	G	+C	625	371	29	1	0	20	0.00159744	626	0.992361	FALSE	NA	NA	NA	NA	NA	NA
AF144305.1	1467	T	C	2	1	24	617	361	30	0.996769	619	0	TRUE	NA	NA	NA	NA	NA	NA
AF144305.1	1468	T	G	619	357	30	1	1	25	0.00161031	621	0.992319	FALSE	NA	NA	NA	NA	NA	NA
AF144305.1	1468	T	C	619	357	30	1	0	40	0.00161031	621	0.5	FALSE	NA	NA	NA	NA	NA	NA
AF144305.1	1469	G	T	548	276	30	1	1	25	0.00182149	549	0.984673	FALSE	NA	NA	NA	NA	NA	NA
AF144305.1	1469	G	-T	548	276	30	1	0	20	0.00182149	549	0.984673	FALSE	NA	NA	NA	NA	NA	NA
AF144305.1	1469	G	+T	548	276	30	2	0	20	0.00364299	549	0.938691	FALSE	NA	NA	NA	NA	NA	NA
AF144305.1	1470	T	C	560	237	30	2	1	20	0.00355872	562	0.938084	FALSE	NA	NA	NA	NA	NA	NA
AF144305.1	1471	T	C	563	249	30	1	1	27	0.00176991	565	0.984582	FALSE	NA	NA	NA	NA	NA	NA
AF144305.1	1471	T	A	563	249	30	1	0	37	0.00176991	565	0.5	FALSE	NA	NA	NA	NA	NA	NA
AF144305.1	1472	T	C	536	234	30	2	2	27	0.00371747	538	0.938414	FALSE	NA	NA	NA	NA	NA	NA
AF144305.1	1472	T	-C	536	234	30	4	0	20	0.00743494	538	0.749752	FALSE	NA	NA	NA	NA	NA	NA
AF144305.1	1473	C	T	448	228	28	5	2	24	0.0110132	454	0.48651	FALSE	NA	NA	NA	NA	NA	NA
AF144305.1	1473	C	G	448	228	28	1	1	27	0.00220264	454	0.966635	FALSE	NA	NA	NA	NA	NA	NA
AF144305.1	1473	C	-G	448	228	28	2	0	20	0.00431034	464	0.884593	FALSE	NA	NA	NA	NA	NA	NA
AF144305.1	1473	C	+A	448	228	28	3	0	20	0.00646552	464	0.763415	FALSE	NA	NA	NA	NA	NA	NA
AF144305.1	1474	G	C	455	277	27	1	1	29	0.00217865	459	0.968407	FALSE	NA	NA	NA	NA	NA	NA
AF144305.1	1474	G	A	455	277	27	3	2	24	0.00653595	459	0.772542	FALSE	NA	NA	NA	NA	NA	NA
AF144305.1	1475	A	-G	497	312	28	4	0	20	0.00803213	498	0.641658	FALSE	NA	NA	NA	NA	NA	NA
AF144305.1	1476	G	A	3	0	23	477	298	28	0.99375	480	4.05825e-272	TRUE	NA	NA	NA	NA	NA	NA
AF144305.1	1477	T	C	435	258	27	3	2	28	0.00681818	440	0.77344	FALSE	NA	NA	NA	NA	NA	NA
AF144305.1	1477	T	A	435	258	27	2	2	27	0.00454545	440	0.890358	FALSE	NA	NA	NA	NA	NA	NA
AF144305.1	1478	T	C	486	251	28	3	2	28	0.00613497	489	0.77512	FALSE	NA	NA	NA	NA	NA	NA
AF144305.1	1479	C	T	546	259	28	2	2	30	0.00364964	548	0.248409	FALSE	NA	NA	NA	NA	NA	NA
AF144305.1	1480	T	G	631	338	29	1	0	23	0.00157729	634	0.992274	FALSE	NA	NA	NA	NA	NA	NA
AF144305.1	1480	T	C	631	338	29	1	1	27	0.00157729	634	0.992274	FALSE	NA	NA	NA	NA	NA	NA
AF144305.1	1480	T	A	631	338	29	1	0	26	0.00157729	634	0.992274	FALSE	NA	NA	NA	NA	NA	NA
AF144305.1	1481	A	G	681	375	29	1	1	25	0.00146628	682	0.992347	FALSE	NA	NA	NA	NA	NA	NA
AF144305.1	1481	A	-T	681	375	29	1	0	20	0.00146628	682	0.992347	FALSE	NA	NA	NA	NA	NA	NA
AF144305.1	1482	T	C	684	407	29	4	3	32	0.00581395	688	0.0624088	FALSE	NA	NA	NA	NA	NA	NA
AF144305.1	1486	A	G	825	508	29	4	3	31	0.00482509	829	0.0624244	FALSE	NA	NA	NA	NA	NA	NA
AF144305.1	1487	A	G	804	454	29	2	1	28	0.00248139	806	0.989502	FALSE	NA	NA	NA	NA	NA	NA
AF144305.1	1488	A	G	798	468	28	2	1	31	0.0025	800	0.250156	FALSE	NA	NA	NA	NA	NA	NA
AF144305.1	1489	T	C	840	493	29	2	0	29	0.0023753	842	0.989492	FALSE	NA	NA	NA	NA	NA	NA
AF144305.1	1491	T	C	766	411	30	1	0	46	0.00130378	767	0.5	FALSE	NA	NA	NA	NA	NA	NA
AF144305.1	1492	G	-ATA	793	416	30	1	0	20	0.00125945	794	0.996182	FALSE	NA	NA	NA	NA	NA	NA
AF144305.1	1493	A	G	766	401	30	1	0	22	0.00130378	767	0.996145	FALSE	NA	NA	NA	NA	NA	NA
AF144305.1	1494	T	C	722	421	29	1	0	50	0.00138313	723	0.5	FALSE	NA	NA	NA	NA	NA	NA
AF144305.1	1496	A	G	795	506	29	1	0	28	0.00125628	796	0.996182	FALSE	NA	NA	NA	NA	NA	NA
AF144305.1	1497	T	C	789	500	28	1	1	32	0.00126582	790	0.5	FALSE	NA	NA	NA	NA	NA	NA
AF144305.1	1498	G	C	789	514	28	2	0	23	0.00252845	791	0.980823	FALSE	NA	NA	NA	NA	NA	NA
AF144305.1	1499	A	T	730	420	28	1	0	20	0.00136054	735	0.996105	FALSE	NA	NA	NA	NA	NA	NA
AF144305.1	1499	A	G	730	420	28	4	3	25	0.00544218	735	0.887599	FALSE	NA	NA	NA	NA	NA	NA
AF144305.1	1500	A	G	675	363	29	1	0	31	0.00147929	676	0.50037	FALSE	NA	NA	NA	NA	NA	NA
AF144305.1	1501	T	C	675	358	29	2	1	25	0.00295421	677	0.965247	FALSE	NA	NA	NA	NA	NA	NA
AF144305.1	1502	G	+T	698	378	29	1	0	20	0.00143062	699	0.992343	FALSE	NA	NA	NA	NA	NA	NA
AF144305.1	1503	T	C	682	381	29	2	2	22	0.00292398	684	0.965084	FALSE	NA	NA	NA	NA	NA	NA
AF144305.1	1504	A	T	696	400	29	1	1	35	0.00143472	697	0.5	FALSE	NA	NA	NA	NA	NA	NA
AF144305.1	1504	A	+T	696	400	29	1	0	20	0.00143266	698	0.992305	FALSE	NA	NA	NA	NA	NA	NA
AF144305.1	1505	T	C	857	572	28	2	1	27	0.00232829	859	0.989436	FALSE	NA	NA	NA	NA	NA	NA
AF144305.1	1505	T	+G	857	572	28	1	0	20	0.00116279	860	0.998078	FALSE	NA	NA	NA	NA	NA	NA
AF144305.1	1506	G	A	1008	729	29	1	1	22	0.00099108	1009	0.999525	FALSE	NA	NA	NA	NA	NA	NA
AF144305.1	1507	G	+A	811	537	28	1	0	20	0.00123153	812	0.998101	FALSE	NA	NA	NA	NA	NA	NA
AF144305.1	1509	A	G	847	525	29	1	0	25	0.00117925	848	0.998098	FALSE	NA	NA	NA	NA	NA	NA
AF144305.1	1510	A	G	815	456	29	3	2	25	0.00366748	818	0.967875	FALSE	NA	NA	NA	NA	NA	NA
AF144305.1	1512	T	C	818	476	29	1	1	36	0.00121951	820	0.5	FALSE	NA	NA	NA	NA	NA	NA
AF144305.1	1512	T	A	818	476	29	1	0	29	0.00121951	820	0.99809	FALSE	NA	NA	NA	NA	NA	NA
AF144305.1	1514	T	C	848	515	29	4	1	39	0.00469484	852	0.0624264	FALSE	NA	NA	NA	NA	NA	NA
AF144305.1	1514	T	-A	848	515	29	13	0	20	0.0152582	852	0.197635	FALSE	NA	NA	NA	NA	NA	NA
AF144305.1	1514	T	+GA	848	515	29	1	0	20	0.00117371	852	0.998068	FALSE	NA	NA	NA	NA	NA	NA
AF144305.1	1514	T	+G	848	515	29	10	0	20	0.0117371	852	0.413656	FALSE	NA	NA	NA	NA	NA	NA
AF144305.1	1515	A	G	15	14	24	1001	681	28	0.985236	1016	0	TRUE	NA	NA	NA	NA	NA	NA
AF144305.1	1515	A	+G	15	14	24	1	0	20	0.000982318	1018	0.158487	FALSE	NA	NA	NA	NA	NA	NA
AF144305.1	1516	A	G	943	616	28	14	12	23	0.014629	957	0.201716	FALSE	NA	NA	NA	NA	NA	NA
AF144305.1	1517	A	T	14	14	23	5	3	28	0.00578035	865	3.0396e-06	TRUE	NA	NA	NA	NA	NA	NA
AF144305.1	1517	A	G	14	14	23	846	546	28	0.978035	865	0	TRUE	NA	NA	NA	NA	NA	NA
AF144305.1	1518	A	G	868	580	28	1	1	27	0.00115075	869	0.998097	FALSE	NA	NA	NA	NA	NA	NA
AF144305.1	1519	A	G	854	551	28	2	2	20	0.00233645	856	0.989488	FALSE	NA	NA	NA	NA	NA	NA
AF144305.1	1520	A	T	755	434	27	1	1	28	0.001321	757	0.996166	FALSE	NA	NA	NA	NA	NA	NA
AF144305.1	1520	A	G	755	434	27	1	1	20	0.001321	757	0.996166	FALSE	NA	NA	NA	NA	NA	NA
AF144305.1	1520	A	+TG	755	434	27	1	0	20	0.001321	757	0.996166	FALSE	NA	NA	NA	NA	NA	NA
AF144305.1	1521	C	T	1	1	38	720	396	28	0.993103	725	0	TRUE	NA	NA	NA	NA	NA	NA
AF144305.1	1521	C	G	1	1	38	4	4	23	0.00551724	725	1.40281e-07	TRUE	NA	NA	NA	NA	NA	NA
AF144305.1	1523	G	+GAA	580	256	30	2	0	20	0.00344828	580	0.938906	FALSE	NA	NA	NA	NA	NA	NA
AF144305.1	1524	A	G	0	0	0	550	236	30	1	550	0	TRUE	NA	NA	NA	NA	NA	NA
AF144305.1	1526	C	+AT	515	230	30	1	0	20	0.00194175	515	0.984781	FALSE	NA	NA	NA	NA	NA	NA
AF144305.1	1527	G	A	523	294	29	6	1	24	0.0113422	529	0.501287	FALSE	NA	NA	NA	NA	NA	NA
AF144305.1	1528	T	C	543	310	29	2	2	23	0.00366972	545	0.938403	FALSE	NA	NA	NA	NA	NA	NA
AF144305.1	1529	A	G	554	325	30	1	0	33	0.0018018	555	0.500451	FALSE	NA	NA	NA	NA	NA	NA
AF144305.1	1530	T	C	562	335	29	2	1	27	0.0035461	564	0.938372	FALSE	NA	NA	NA	NA	NA	NA
AF144305.1	1530	T	+C	562	335	29	1	0	20	0.00177305	564	0.984583	FALSE	NA	NA	NA	NA	NA	NA
AF144305.1	1530	T	+A	562	335	29	3	0	20	0.00531915	564	0.857504	FALSE	NA	NA	NA	NA	NA	NA
AF144305.1	1532	A	G	620	358	29	1	1	38	0.00161031	621	0.500403	FALSE	NA	NA	NA	NA	NA	NA
AF144305.1	1533	C	T	624	362	29	1	1	26	0.0016	625	0.992362	FALSE	NA	NA	NA	NA	NA	NA
AF144305.1	1534	T	C	627	371	29	2	2	31	0.00317965	629	0.250199	FALSE	NA	NA	NA	NA	NA	NA
AF144305.1	1534	T	-A	627	371	29	5	0	20	0.00794913	629	0.730064	FALSE	NA	NA	NA	NA	NA	NA
AF144305.1	1535	A	G	567	340	28	2	2	29	0.00351494	569	0.938364	FALSE	NA	NA	NA	NA	NA	NA
AF144305.1	1535	A	+C	567	340	28	1	0	20	0.00175747	569	0.984581	FALSE	NA	NA	NA	NA	NA	NA
AF144305.1	1536	C	T	579	342	28	2	2	30	0.00344234	581	0.250215	FALSE	NA	NA	NA	NA	NA	NA
AF144305.1	1536	C	-CCG	579	342	28	1	0	20	0.00172117	581	0.984577	FALSE	NA	NA	NA	NA	NA	NA
AF144305.1	1537	C	T	589	349	28	2	1	27	0.00338409	591	0.938056	FALSE	NA	NA	NA	NA	NA	NA
AF144305.1	1538	C	T	602	360	28	1	0	23	0.00165563	604	0.992278	FALSE	NA	NA	NA	NA	NA	NA
AF144305.1	1538	C	A	602	360	28	1	0	24	0.00165563	604	0.992278	FALSE	NA	NA	NA	NA	NA	NA
AF144305.1	1538	C	-G	602	360	28	3	0	20	0.00495868	605	0.911377	FALSE	NA	NA	NA	NA	NA	NA
AF144305.1	1538	C	+CT	602	360	28	1	0	20	0.00165289	605	0.992278	FALSE	NA	NA	NA	NA	NA	NA
AF144305.1	1539	G	T	0	0	0	562	326	27	0.991182	567	0	TRUE	NA	NA	NA	NA	NA	NA
AF144305.1	1539	G	C	0	0	0	5	4	29	0.00881834	567	4.89571e-10	TRUE	NA	NA	NA	NA	NA	NA
AF144305.1	1540	C	T	645	318	27	4	0	23	0.00611621	654	0.825907	FALSE	NA	NA	NA	NA	NA	NA
AF144305.1	1540	C	G	645	318	27	2	1	24	0.0030581	654	0.964079	FALSE	NA	NA	NA	NA	NA	NA
AF144305.1	1540	C	A	645	318	27	3	2	26	0.00458716	654	0.908632	FALSE	NA	NA	NA	NA	NA	NA
AF144305.1	1540	C	-A	645	318	27	1	0	20	0.00152672	655	0.991974	FALSE	NA	NA	NA	NA	NA	NA
AF144305.1	1541	A	G	675	338	28	3	1	28	0.00442478	678	0.910521	FALSE	NA	NA	NA	NA	NA	NA
AF144305.1	1543	T	C	584	347	28	1	1	41	0.0017094	585	0.5	FALSE	NA	NA	NA	NA	NA	NA
AF144305.1	1544	A	G	597	380	29	2	1	27	0.0033389	599	0.965118	FALSE	NA	NA	NA	NA	NA	NA
AF144305.1	1544	A	-T	597	380	29	1	0	20	0.00166667	600	0.992233	FALSE	NA	NA	NA	NA	NA	NA
AF144305.1	1544	A	+T	597	380	29	1	0	20	0.00166667	600	0.992233	FALSE	NA	NA	NA	NA	NA	NA
AF144305.1	1545	T	C	712	492	28	1	1	20	0.00140252	713	0.996148	FALSE	NA	NA	NA	NA	NA	NA
AF144305.1	1546	T	C	856	617	28	2	1	31	0.002331	858	0.249854	FALSE	NA	NA	NA	NA	NA	NA
AF144305.1	1547	C	G	834	592	28	1	1	31	0.0011976	835	0.5	FALSE	NA	NA	NA	NA	NA	NA
AF144305.1	1547	C	-AG	834	592	28	1	0	20	0.00119617	836	0.998089	FALSE	NA	NA	NA	NA	NA	NA
AF144305.1	1547	C	+AG	834	592	28	2	0	20	0.00239234	836	0.989493	FALSE	NA	NA	NA	NA	NA	NA
AF144305.1	1548	A	G	848	584	28	2	1	26	0.00235294	850	0.989128	FALSE	NA	NA	NA	NA	NA	NA
AF144305.1	1549	G	-A	843	567	28	1	0	20	0.00117371	852	0.998016	FALSE	NA	NA	NA	NA	NA	NA
AF144305.1	1549	G	+A	843	567	28	2	0	20	0.00234742	852	0.989128	FALSE	NA	NA	NA	NA	NA	NA
AF144305.1	1550	A	G	930	584	28	4	4	32	0.00428266	934	0.0621659	FALSE	NA	NA	NA	NA	NA	NA
AF144305.1	1550	A	+G	930	584	28	1	0	20	0.00106838	936	0.999026	FALSE	NA	NA	NA	NA	NA	NA
AF144305.1	1551	A	T	867	527	29	1	1	23	0.00114943	870	0.998077	FALSE	NA	NA	NA	NA	NA	NA
AF144305.1	1551	A	G	867	527	29	2	1	43	0.00229885	870	0.249856	FALSE	NA	NA	NA	NA	NA	NA
AF144305.1	1552	G	A	842	513	29	4	3	24	0.00472813	846	0.928002	FALSE	NA	NA	NA	NA	NA	NA
AF144305.1	1553	A	G	878	559	29	2	2	29	0.00227273	880	0.989333	FALSE	NA	NA	NA	NA	NA	NA
AF144305.1	1554	A	G	907	580	29	2	1	34	0.0021978	910	0.249313	FALSE	NA	NA	NA	NA	NA	NA
AF144305.1	1554	A	C	907	580	29	1	0	22	0.0010989	910	0.999032	FALSE	NA	NA	NA	NA	NA	NA
AF144305.1	1555	G	A	942	612	28	1	1	26	0.00106045	943	0.999036	FALSE	NA	NA	NA	NA	NA	NA
AF144305.1	1555	G	-C	942	612	28	1	0	20	0.00105708	946	0.999036	FALSE	NA	NA	NA	NA	NA	NA
AF144305.1	1556	C	T	864	523	29	1	0	31	0.00115607	865	0.499423	FALSE	NA	NA	NA	NA	NA	NA
AF144305.1	1556	C	-A	864	523	29	2	0	20	0.00230415	868	0.989385	FALSE	NA	NA	NA	NA	NA	NA
AF144305.1	1557	A	T	762	426	29	1	1	31	0.0013089	764	0.499346	FALSE	NA	NA	NA	NA	NA	NA
AF144305.1	1557	A	G	762	426	29	1	1	26	0.0013089	764	0.996124	FALSE	NA	NA	NA	NA	NA	NA
AF144305.1	1557	A	-AG	762	426	29	1	0	20	0.00130548	766	0.996124	FALSE	NA	NA	NA	NA	NA	NA
AF144305.1	1557	A	+G	762	426	29	2	0	20	0.00261097	766	0.980653	FALSE	NA	NA	NA	NA	NA	NA
AF144305.1	1559	G	A	753	411	29	3	3	22	0.00396825	756	0.946126	FALSE	NA	NA	NA	NA	NA	NA
AF144305.1	1560	A	T	759	417	29	2	1	31	0.00262467	762	0.249836	FALSE	NA	NA	NA	NA	NA	NA
AF144305.1	1560	A	G	759	417	29	1	1	20	0.00131234	762	0.996145	FALSE	NA	NA	NA	NA	NA	NA
AF144305.1	1561	C	T	2	2	21	766	460	29	0.996099	769	0	TRUE	NA	NA	NA	NA	NA	NA
AF144305.1	1561	C	A	2	2	21	1	1	20	0.00130039	769	0.0308462	FALSE	NA	NA	NA	NA	NA	NA
AF144305.1	1562	T	C	862	567	28	1	1	22	0.00115875	863	0.998097	FALSE	NA	NA	NA	NA	NA	NA
AF144305.1	1562	T	+AAAAAA	862	567	28	1	0	20	0.00115875	863	0.998097	FALSE	NA	NA	NA	NA	NA	NA
AF144305.1	1562	T	+AAAAA	862	567	28	1	0	20	0.00115875	863	0.998097	FALSE	NA	NA	NA	NA	NA	NA
AF144305.1	1562	T	+AA	862	567	28	6	0	20	0.00695249	863	0.792781	FALSE	NA	NA	NA	NA	NA	NA
AF144305.1	1562	T	+A	862	567	28	17	0	20	0.0196987	863	0.0581167	FALSE	NA	NA	NA	NA	NA	NA
AF144305.1	1563	A	T	876	599	28	1	1	21	0.00114025	877	0.998097	FALSE	NA	NA	NA	NA	NA	NA
AF144305.1	1564	A	-AC	865	595	28	7	0	20	0.00809249	865	0.703501	FALSE	NA	NA	NA	NA	NA	NA
AF144305.1	1565	A	-C	835	539	27	123	0	20	0.145735	844	2.77245e-26	TRUE	NA	NA	NA	NA	NA	NA
AF144305.1	1565	A	+AAGAG	835	539	27	1	0	20	0.00118483	844	0.998015	FALSE	NA	NA	NA	NA	NA	NA
AF144305.1	1566	C	G	0	0	0	2	1	30	0.00249377	802	2.23721e-06	TRUE	NA	NA	NA	NA	NA	NA
AF144305.1	1566	C	A	0	0	0	800	482	27	0.997506	802	0	TRUE	NA	NA	NA	NA	NA	NA
AF144305.1	1567	A	G	1072	662	27	5	4	28	0.00464253	1077	0.941404	FALSE	NA	NA	NA	NA	NA	NA
AF144305.1	1567	A	-GAGAG	1072	662	27	1	0	20	0.000927644	1078	0.999514	FALSE	NA	NA	NA	NA	NA	NA
AF144305.1	1568	G	+AGAAGA	1071	691	28	1	0	20	0.000931966	1073	0.999524	FALSE	NA	NA	NA	NA	NA	NA
AF144305.1	1568	G	+AGA	1071	691	28	2	0	20	0.00186393	1073	0.996908	FALSE	NA	NA	NA	NA	NA	NA
AF144305.1	1569	A	G	1070	699	28	1	1	23	0.000933707	1071	0.999524	FALSE	NA	NA	NA	NA	NA	NA
AF144305.1	1569	A	-GAG	1070	699	28	1	0	20	0.000932836	1072	0.999524	FALSE	NA	NA	NA	NA	NA	NA
AF144305.1	1571	A	G	1052	725	29	1	1	28	0.000949668	1053	0.999524	FALSE	NA	NA	NA	NA	NA	NA
AF144305.1	1571	A	-G	1052	725	29	3	0	20	0.0028463	1054	0.989065	FALSE	NA	NA	NA	NA	NA	NA
AF144305.1	1571	A	+AGAAGGAATAGAGC	1052	725	29	1	0	20	0.000948767	1054	0.999524	FALSE	NA	NA	NA	NA	NA	NA
AF144305.1	1572	G	A	3	2	41	1047	703	29	0.997143	1050	0	TRUE	NA	NA	NA	NA	NA	NA
AF144305.1	1572	G	+AA	3	2	41	1	0	20	0.000949668	1053	0.0410776	FALSE	NA	NA	NA	NA	NA	NA
AF144305.1	1574	A	G	843	489	29	2	1	33	0.00236686	845	0.250148	FALSE	NA	NA	NA	NA	NA	NA
AF144305.1	1575	A	G	883	486	30	3	1	26	0.003386	886	0.96783	FALSE	NA	NA	NA	NA	NA	NA
AF144305.1	1577	T	+GACC	698	373	30	1	0	20	0.00143266	698	0.992382	FALSE	NA	NA	NA	NA	NA	NA
AF144305.1	1578	A	-AGT	663	359	30	2	0	20	0.00301659	663	0.965744	FALSE	NA	NA	NA	NA	NA	NA
AF144305.1	1579	A	T	630	355	29	1	0	33	0.00157729	634	0.49842	FALSE	NA	NA	NA	NA	NA	NA
AF144305.1	1579	A	G	630	355	29	3	2	31	0.00473186	634	0.124114	FALSE	NA	NA	NA	NA	NA	NA
AF144305.1	1579	A	+AGC	630	355	29	1	0	20	0.00157233	636	0.992144	FALSE	NA	NA	NA	NA	NA	NA
AF144305.1	1580	G	-T	614	342	29	1	0	20	0.00162338	616	0.99232	FALSE	NA	NA	NA	NA	NA	NA
AF144305.1	1580	G	+CAGAAA	614	342	29	1	0	20	0.00162338	616	0.99232	FALSE	NA	NA	NA	NA	NA	NA
AF144305.1	1581	T	C	1	0	23	593	337	29	0.998316	594	0	TRUE	NA	NA	NA	NA	NA	NA
AF144305.1	1582	G	C	591	366	29	1	0	24	0.0016835	594	0.984494	FALSE	NA	NA	NA	NA	NA	NA
AF144305.1	1582	G	A	591	366	29	2	0	24	0.003367	594	0.938054	FALSE	NA	NA	NA	NA	NA	NA
AF144305.1	1583	G	C	678	449	29	1	0	20	0.00147275	679	0.992348	FALSE	NA	NA	NA	NA	NA	NA
AF144305.1	1583	G	+GAGT	678	449	29	1	0	20	0.00147275	679	0.992348	FALSE	NA	NA	NA	NA	NA	NA
AF144305.1	1584	A	G	698	469	29	2	1	30	0.00285714	700	0.250179	FALSE	NA	NA	NA	NA	NA	NA
AF144305.1	1585	G	A	768	536	29	1	0	20	0.00130039	769	0.996185	FALSE	NA	NA	NA	NA	NA	NA
AF144305.1	1585	G	-TA	768	536	29	1	0	20	0.00130039	769	0.996185	FALSE	NA	NA	NA	NA	NA	NA
AF144305.1	1586	T	C	745	496	29	1	1	21	0.00134048	746	0.996167	FALSE	NA	NA	NA	NA	NA	NA
AF144305.1	1586	T	+GA	745	496	29	1	0	20	0.00133869	747	0.996167	FALSE	NA	NA	NA	NA	NA	NA
AF144305.1	1586	T	+G	745	496	29	2	0	20	0.00267738	747	0.980844	FALSE	NA	NA	NA	NA	NA	NA
AF144305.1	1587	A	G	6	0	26	805	498	29	0.992602	811	0	TRUE	NA	NA	NA	NA	NA	NA
AF144305.1	1588	A	G	867	536	29	1	0	20	0.00115207	868	0.998097	FALSE	NA	NA	NA	NA	NA	NA
AF144305.1	1589	A	G	772	441	29	3	2	24	0.00387097	775	0.946106	FALSE	NA	NA	NA	NA	NA	NA
AF144305.1	1590	A	G	723	410	29	5	4	28	0.00686813	728	0.807818	FALSE	NA	NA	NA	NA	NA	NA
AF144305.1	1591	T	C	751	435	29	1	0	29	0.00132979	752	0.996187	FALSE	NA	NA	NA	NA	NA	NA
AF144305.1	1591	T	+TC	751	435	29	1	0	20	0.00132979	752	0.996187	FALSE	NA	NA	NA	NA	NA	NA
AF144305.1	1592	T	A	769	459	29	1	0	22	0.0012987	770	0.996185	FALSE	NA	NA	NA	NA	NA	NA
AF144305.1	1592	T	-G	769	459	29	2	0	20	0.0025974	770	0.980923	FALSE	NA	NA	NA	NA	NA	NA
AF144305.1	1593	G	T	1	0	37	1	0	20	0.00142653	701	0.0226461	FALSE	NA	NA	NA	NA	NA	NA
AF144305.1	1593	G	A	1	0	37	699	426	29	0.997147	701	0	TRUE	NA	NA	NA	NA	NA	NA
AF144305.1	1594	G	A	659	395	29	1	0	35	0.00151515	660	0.500379	FALSE	NA	NA	NA	NA	NA	NA
AF144305.1	1595	A	G	687	423	29	1	1	21	0.00145138	689	0.992306	FALSE	NA	NA	NA	NA	NA	NA
AF144305.1	1595	A	C	687	423	29	1	0	26	0.00145138	689	0.992306	FALSE	NA	NA	NA	NA	NA	NA
AF144305.1	1596	A	G	683	426	29	3	3	23	0.00437318	686	0.911233	FALSE	NA	NA	NA	NA	NA	NA
AF144305.1	1598	C	T	722	471	28	1	0	30	0.00138313	723	0.500346	FALSE	NA	NA	NA	NA	NA	NA
AF144305.1	1598	C	-AATG	722	471	28	1	0	20	0.00138313	723	0.99619	FALSE	NA	NA	NA	NA	NA	NA
AF144305.1	1598	C	-A	722	471	28	3	0	20	0.00414938	723	0.946641	FALSE	NA	NA	NA	NA	NA	NA
AF144305.1	1599	A	-ATGG	771	519	28	1	0	20	0.00129702	771	0.996204	FALSE	NA	NA	NA	NA	NA	NA
AF144305.1	1599	A	+G	771	519	28	2	0	20	0.00259403	771	0.981011	FALSE	NA	NA	NA	NA	NA	NA
AF144305.1	1600	A	T	10	10	26	2	0	24	0.00253807	788	0.00702749	TRUE	NA	NA	NA	NA	NA	NA
AF144305.1	1600	A	G	10	10	26	776	524	28	0.984772	788	0	TRUE	NA	NA	NA	NA	NA	NA
AF144305.1	1600	A	-TG	10	10	26	9	0	20	0.0114213	788	2.57974e-12	TRUE	NA	NA	NA	NA	NA	NA
AF144305.1	1601	T	+TGC	724	505	28	1	0	20	0.00136426	733	0.996018	FALSE	NA	NA	NA	NA	NA	NA
AF144305.1	1601	T	+A	724	505	28	1	0	20	0.00136426	733	0.996018	FALSE	NA	NA	NA	NA	NA	NA
AF144305.1	1602	G	A	1	1	21	751	534	29	0.99867	752	0	TRUE	NA	NA	NA	NA	NA	NA
AF144305.1	1604	G	A	663	446	29	1	1	43	0.00150602	664	0.500377	FALSE	NA	NA	NA	NA	NA	NA
AF144305.1	1605	A	G	653	429	29	3	3	30	0.00457317	656	0.125	FALSE	NA	NA	NA	NA	NA	NA
AF144305.1	1606	A	C	649	384	29	1	0	32	0.00153846	650	0.500385	FALSE	NA	NA	NA	NA	NA	NA
AF144305.1	1608	T	C	711	421	30	4	3	30	0.00559441	715	0.0624123	FALSE	NA	NA	NA	NA	NA	NA
AF144305.1	1609	T	C	742	443	30	4	4	27	0.00535475	747	0.887585	FALSE	NA	NA	NA	NA	NA	NA
AF144305.1	1609	T	A	742	443	30	1	1	41	0.00133869	747	0.498993	FALSE	NA	NA	NA	NA	NA	NA
AF144305.1	1610	A	-C	752	470	29	2	0	20	0.00265957	752	0.981025	FALSE	NA	NA	NA	NA	NA	NA
AF144305.1	1612	C	-A	758	460	30	1	0	20	0.00131926	758	0.996206	FALSE	NA	NA	NA	NA	NA	NA
AF144305.1	1613	A	T	700	383	29	2	1	23	0.00284495	703	0.980669	FALSE	NA	NA	NA	NA	NA	NA
AF144305.1	1613	A	G	700	383	29	1	1	38	0.00142248	703	0.499288	FALSE	NA	NA	NA	NA	NA	NA
AF144305.1	1613	A	-AAT	700	383	29	1	0	20	0.00142045	704	0.996127	FALSE	NA	NA	NA	NA	NA	NA
AF144305.1	1613	A	+GGG	700	383	29	1	0	20	0.00142045	704	0.996127	FALSE	NA	NA	NA	NA	NA	NA
AF144305.1	1614	A	G	3	0	29	692	370	29	0.995683	695	0	TRUE	NA	NA	NA	NA	NA	NA
AF144305.1	1615	A	G	709	368	30	2	2	23	0.00281294	711	0.980765	FALSE	NA	NA	NA	NA	NA	NA
AF144305.1	1616	T	G	684	394	30	1	1	27	0.00145985	685	0.992307	FALSE	NA	NA	NA	NA	NA	NA
AF144305.1	1617	A	G	680	404	30	2	2	22	0.00293255	682	0.965404	FALSE	NA	NA	NA	NA	NA	NA
AF144305.1	1619	T	C	722	458	30	3	0	26	0.00413793	725	0.94616	FALSE	NA	NA	NA	NA	NA	NA
AF144305.1	1620	G	A	727	452	30	1	1	32	0.00137363	728	0.500344	FALSE	NA	NA	NA	NA	NA	NA
AF144305.1	1620	G	+TT	727	452	30	1	0	20	0.00137363	728	0.99619	FALSE	NA	NA	NA	NA	NA	NA
AF144305.1	1621	T	A	716	436	30	1	0	26	0.0013947	717	0.996191	FALSE	NA	NA	NA	NA	NA	NA
AF144305.1	1621	T	-C	716	436	30	1	0	20	0.0013947	717	0.996191	FALSE	NA	NA	NA	NA	NA	NA
AF144305.1	1621	T	+CG	716	436	30	1	0	20	0.0013947	717	0.996191	FALSE	NA	NA	NA	NA	NA	NA
AF144305.1	1621	T	+C	716	436	30	1	0	20	0.0013947	717	0.996191	FALSE	NA	NA	NA	NA	NA	NA
AF144305.1	1621	T	+A	716	436	30	1	0	20	0.0013947	717	0.996191	FALSE	NA	NA	NA	NA	NA	NA
AF144305.1	1622	C	+A	698	422	29	1	0	20	0.00143266	698	0.992382	FALSE	NA	NA	NA	NA	NA	NA
AF144305.1	1625	T	C	657	410	30	1	0	24	0.00151745	659	0.992312	FALSE	NA	NA	NA	NA	NA	NA
AF144305.1	1625	T	A	657	410	30	1	0	20	0.00151745	659	0.992312	FALSE	NA	NA	NA	NA	NA	NA
AF144305.1	1626	T	C	681	412	30	1	1	22	0.00146628	682	0.992347	FALSE	NA	NA	NA	NA	NA	NA
AF144305.1	1627	T	C	704	405	30	2	2	27	0.00283286	706	0.980866	FALSE	NA	NA	NA	NA	NA	NA
AF144305.1	1628	A	G	715	427	30	1	1	23	0.0013947	717	0.99617	FALSE	NA	NA	NA	NA	NA	NA
AF144305.1	1628	A	C	715	427	30	1	0	21	0.0013947	717	0.99617	FALSE	NA	NA	NA	NA	NA	NA
AF144305.1	1629	T	+TTCAGA	686	410	29	1	0	20	0.00145773	686	0.992385	FALSE	NA	NA	NA	NA	NA	NA
AF144305.1	1630	T	C	673	407	29	2	0	29	0.00296296	675	0.96541	FALSE	NA	NA	NA	NA	NA	NA
AF144305.1	1631	C	A	683	426	29	1	0	23	0.00146199	684	0.992307	FALSE	NA	NA	NA	NA	NA	NA
AF144305.1	1632	A	G	720	469	29	3	1	26	0.00414938	723	0.946163	FALSE	NA	NA	NA	NA	NA	NA
AF144305.1	1635	A	G	607	317	30	1	1	22	0.00164474	608	0.992366	FALSE	NA	NA	NA	NA	NA	NA
AF144305.1	1636	G	A	590	304	30	1	1	31	0.00169205	591	0.500423	FALSE	NA	NA	NA	NA	NA	NA
AF144305.1	1636	G	+CT	590	304	30	1	0	20	0.00169205	591	0.984652	FALSE	NA	NA	NA	NA	NA	NA
AF144305.1	1636	G	+C	590	304	30	7	0	20	0.0118443	591	0.394672	FALSE	NA	NA	NA	NA	NA	NA
AF144305.1	1637	T	G	2	2	27	1	1	23	0.00174825	572	0.0310859	FALSE	NA	NA	NA	NA	NA	NA
AF144305.1	1637	T	C	2	2	27	569	299	30	0.994755	572	0	TRUE	NA	NA	NA	NA	NA	NA
AF144305.1	1638	G	T	553	322	30	1	1	23	0.0018018	555	0.984586	FALSE	NA	NA	NA	NA	NA	NA
AF144305.1	1638	G	A	553	322	30	1	0	22	0.0018018	555	0.984586	FALSE	NA	NA	NA	NA	NA	NA
AF144305.1	1640	C	T	683	440	29	2	2	26	0.00291971	685	0.965402	FALSE	NA	NA	NA	NA	NA	NA
AF144305.1	1640	C	-G	683	440	29	1	0	20	0.00145985	685	0.992307	FALSE	NA	NA	NA	NA	NA	NA
AF144305.1	1641	G	A	3	2	32	713	472	29	0.99581	716	0	TRUE	NA	NA	NA	NA	NA	NA
AF144305.1	1642	A	C	684	427	29	1	1	36	0.00145985	685	0.500365	FALSE	NA	NA	NA	NA	NA	NA
AF144305.1	1643	G	A	735	416	30	1	0	43	0.0013587	736	0.50034	FALSE	NA	NA	NA	NA	NA	NA
AF144305.1	1644	T	C	798	493	30	1	1	34	0.00125156	799	0.500313	FALSE	NA	NA	NA	NA	NA	NA
AF144305.1	1645	T	C	641	346	30	1	0	44	0.00155763	642	0.50039	FALSE	NA	NA	NA	NA	NA	NA
AF144305.1	1645	T	+C	641	346	30	1	0	20	0.00155763	642	0.992357	FALSE	NA	NA	NA	NA	NA	NA
AF144305.1	1646	C	T	618	326	30	2	1	21	0.00322061	621	0.965109	FALSE	NA	NA	NA	NA	NA	NA
AF144305.1	1646	C	A	618	326	30	1	1	32	0.00161031	621	0.499194	FALSE	NA	NA	NA	NA	NA	NA
AF144305.1	1646	C	+CT	618	326	30	1	0	20	0.00160772	622	0.992232	FALSE	NA	NA	NA	NA	NA	NA
AF144305.1	1648	C	T	721	360	29	4	4	25	0.00549451	728	0.886721	FALSE	NA	NA	NA	NA	NA	NA
AF144305.1	1648	C	A	721	360	29	3	2	23	0.00412088	728	0.945192	FALSE	NA	NA	NA	NA	NA	NA
AF144305.1	1648	C	-T	721	360	29	3	0	20	0.00412088	728	0.945192	FALSE	NA	NA	NA	NA	NA	NA
AF144305.1	1648	C	+T	721	360	29	1	0	20	0.00137363	728	0.996061	FALSE	NA	NA	NA	NA	NA	NA
AF144305.1	1649	T	G	671	363	29	3	3	22	0.00443787	676	0.905359	FALSE	NA	NA	NA	NA	NA	NA
AF144305.1	1649	T	C	671	363	29	2	1	27	0.00295858	676	0.962616	FALSE	NA	NA	NA	NA	NA	NA
AF144305.1	1649	T	+CA	671	363	29	1	0	20	0.00144928	690	0.991606	FALSE	NA	NA	NA	NA	NA	NA
AF144305.1	1649	T	+C	671	363	29	1	0	20	0.00144928	690	0.991606	FALSE	NA	NA	NA	NA	NA	NA
AF144305.1	1650	A	C	793	513	29	1	0	23	0.00125945	794	0.996182	FALSE	NA	NA	NA	NA	NA	NA
AF144305.1	1650	A	+GAACAGGCT	793	513	29	1	0	20	0.00125945	794	0.996182	FALSE	NA	NA	NA	NA	NA	NA
AF144305.1	1651	G	A	811	545	29	4	3	28	0.00490798	815	0.927744	FALSE	NA	NA	NA	NA	NA	NA
AF144305.1	1652	C	T	829	556	29	1	1	21	0.00120482	830	0.998089	FALSE	NA	NA	NA	NA	NA	NA
AF144305.1	1652	C	+ACTT	829	556	29	1	0	20	0.00120337	831	0.998089	FALSE	NA	NA	NA	NA	NA	NA
AF144305.1	1653	A	G	830	564	29	2	2	24	0.00240385	832	0.989442	FALSE	NA	NA	NA	NA	NA	NA
AF144305.1	1654	C	T	917	598	28	4	2	30	0.00434311	921	0.0622964	FALSE	NA	NA	NA	NA	NA	NA
AF144305.1	1655	T	C	972	645	28	3	3	28	0.00307377	976	0.980837	FALSE	NA	NA	NA	NA	NA	NA
AF144305.1	1655	T	A	972	645	28	1	0	20	0.00102459	976	0.999026	FALSE	NA	NA	NA	NA	NA	NA
AF144305.1	1656	G	T	875	494	30	1	1	23	0.00114155	876	0.998097	FALSE	NA	NA	NA	NA	NA	NA
AF144305.1	1658	C	T	783	397	30	1	0	50	0.00127065	787	0.499363	FALSE	NA	NA	NA	NA	NA	NA
AF144305.1	1658	C	G	783	397	30	3	3	24	0.00381194	787	0.945872	FALSE	NA	NA	NA	NA	NA	NA
AF144305.1	1658	C	+G	783	397	30	1	0	20	0.00127065	787	0.996124	FALSE	NA	NA	NA	NA	NA	NA
AF144305.1	1659	A	G	781	402	30	1	1	40	0.00127877	782	0.50032	FALSE	NA	NA	NA	NA	NA	NA
AF144305.1	1660	A	C	689	365	30	1	0	32	0.00144928	690	0.500363	FALSE	NA	NA	NA	NA	NA	NA
AF144305.1	1661	T	G	671	382	30	1	0	31	0.00148588	673	0.5	FALSE	NA	NA	NA	NA	NA	NA
AF144305.1	1661	T	C	671	382	30	1	1	24	0.00148588	673	0.992309	FALSE	NA	NA	NA	NA	NA	NA
AF144305.1	1662	C	G	672	381	30	2	2	27	0.00296736	674	0.965411	FALSE	NA	NA	NA	NA	NA	NA
AF144305.1	1664	T	C	708	435	30	1	1	23	0.00141044	709	0.996192	FALSE	NA	NA	NA	NA	NA	NA
AF144305.1	1664	T	-GGTA	708	435	30	1	0	20	0.00141044	709	0.996192	FALSE	NA	NA	NA	NA	NA	NA
AF144305.1	1665	G	T	820	545	30	1	1	24	0.00121803	821	0.998089	FALSE	NA	NA	NA	NA	NA	NA
AF144305.1	1666	G	T	1	1	21	1	1	23	0.0012837	779	0.0203946	FALSE	NA	NA	NA	NA	NA	NA
AF144305.1	1666	G	A	1	1	21	777	521	30	0.997433	779	0	TRUE	NA	NA	NA	NA	NA	NA
AF144305.1	1667	T	C	856	609	29	1	1	29	0.00116686	857	0.998088	FALSE	NA	NA	NA	NA	NA	NA
AF144305.1	1667	T	+G	856	609	29	1	0	20	0.0011655	858	0.998088	FALSE	NA	NA	NA	NA	NA	NA
AF144305.1	1668	A	G	2	1	24	868	617	28	0.997701	870	0	TRUE	NA	NA	NA	NA	NA	NA
AF144305.1	1668	A	+CG	2	1	24	1	0	20	0.00114811	871	0.0306449	FALSE	NA	NA	NA	NA	NA	NA
AF144305.1	1669	G	T	826	575	28	1	1	37	0.00120919	827	0.500302	FALSE	NA	NA	NA	NA	NA	NA
AF144305.1	1670	C	G	775	516	28	1	1	30	0.00128866	776	0.500322	FALSE	NA	NA	NA	NA	NA	NA
AF144305.1	1672	G	A	665	313	28	1	0	23	0.0015015	666	0.992351	FALSE	NA	NA	NA	NA	NA	NA
AF144305.1	1673	G	+T	574	268	28	1	0	20	0.00174216	574	0.98474	FALSE	NA	NA	NA	NA	NA	NA
AF144305.1	1674	T	C	547	262	28	1	1	46	0.00182482	548	0.500457	FALSE	NA	NA	NA	NA	NA	NA
AF144305.1	1674	T	-C	547	262	28	1	0	20	0.00182482	548	0.984673	FALSE	NA	NA	NA	NA	NA	NA
AF144305.1	1676	T	C	614	358	29	4	2	31	0.00647249	618	0.0623984	FALSE	NA	NA	NA	NA	NA	NA
AF144305.1	1677	A	G	632	373	30	1	1	21	0.00157729	634	0.992317	FALSE	NA	NA	NA	NA	NA	NA
AF144305.1	1677	A	C	632	373	30	1	1	31	0.00157729	634	0.5	FALSE	NA	NA	NA	NA	NA	NA
AF144305.1	1677	A	+T	632	373	30	1	0	20	0.00157729	634	0.992317	FALSE	NA	NA	NA	NA	NA	NA
AF144305.1	1678	T	+C	700	438	30	1	0	20	0.00142857	700	0.996193	FALSE	NA	NA	NA	NA	NA	NA
AF144305.1	1679	C	-T	665	390	29	2	0	20	0.00300752	665	0.965741	FALSE	NA	NA	NA	NA	NA	NA
AF144305.1	1679	C	+T	665	390	29	4	0	20	0.00601504	665	0.832111	FALSE	NA	NA	NA	NA	NA	NA
AF144305.1	1680	T	C	666	393	30	1	1	29	0.00149925	667	0.992269	FALSE	NA	NA	NA	NA	NA	NA
AF144305.1	1682	T	G	707	412	29	1	1	27	0.00141243	708	0.996192	FALSE	NA	NA	NA	NA	NA	NA
AF144305.1	1684	T	C	666	399	29	3	1	30	0.0044843	669	0.125	FALSE	NA	NA	NA	NA	NA	NA
AF144305.1	1684	T	+GCCG	666	399	29	1	0	20	0.00149477	669	0.992269	FALSE	NA	NA	NA	NA	NA	NA
AF144305.1	1685	G	A	710	440	29	1	0	41	0.00140647	711	0.500352	FALSE	NA	NA	NA	NA	NA	NA
AF144305.1	1686	G	A	646	388	29	1	0	25	0.0015456	647	0.992356	FALSE	NA	NA	NA	NA	NA	NA
AF144305.1	1687	A	G	652	400	29	2	0	25	0.0030581	654	0.965428	FALSE	NA	NA	NA	NA	NA	NA
AF144305.1	1688	T	C	679	396	29	1	1	25	0.00147059	680	0.992348	FALSE	NA	NA	NA	NA	NA	NA
AF144305.1	1689	G	A	724	437	29	1	1	22	0.00137931	725	0.99619	FALSE	NA	NA	NA	NA	NA	NA
AF144305.1	1690	T	C	668	379	29	2	1	38	0.00298507	670	0.250187	FALSE	NA	NA	NA	NA	NA	NA
AF144305.1	1691	G	A	722	404	29	1	1	23	0.00138313	723	0.99619	FALSE	NA	NA	NA	NA	NA	NA
AF144305.1	1691	G	+T	722	404	29	1	0	20	0.00138313	723	0.99619	FALSE	NA	NA	NA	NA	NA	NA
AF144305.1	1692	C	T	726	397	29	4	2	24	0.00547945	730	0.888045	FALSE	NA	NA	NA	NA	NA	NA
AF144305.1	1693	T	C	712	390	30	2	2	23	0.00280112	714	0.980861	FALSE	NA	NA	NA	NA	NA	NA
AF144305.1	1693	T	+A	712	390	30	1	0	20	0.00140056	714	0.99617	FALSE	NA	NA	NA	NA	NA	NA
AF144305.1	1694	C	T	702	382	29	1	1	26	0.00142248	703	0.996193	FALSE	NA	NA	NA	NA	NA	NA
AF144305.1	1695	C	+A	703	375	29	1	0	20	0.00142045	704	0.996193	FALSE	NA	NA	NA	NA	NA	NA
AF144305.1	1696	A	-ATGG	714	399	29	1	0	20	0.0013986	715	0.996191	FALSE	NA	NA	NA	NA	NA	NA
AF144305.1	1697	A	G	667	381	29	4	2	26	0.00596125	671	0.828433	FALSE	NA	NA	NA	NA	NA	NA
AF144305.1	1698	T	G	685	397	29	1	1	20	0.00145773	686	0.992267	FALSE	NA	NA	NA	NA	NA	NA
AF144305.1	1698	T	+G	685	397	29	1	0	20	0.00145349	688	0.992267	FALSE	NA	NA	NA	NA	NA	NA
AF144305.1	1699	G	A	521	276	29	2	0	21	0.00382409	523	0.937815	FALSE	NA	NA	NA	NA	NA	NA
AF144305.1	1701	A	G	2	1	24	477	244	29	0.995825	479	7.93185e-273	TRUE	NA	NA	NA	NA	NA	NA
AF144305.1	1703	C	T	441	235	29	2	1	40	0.00449438	445	0.249154	FALSE	NA	NA	NA	NA	NA	NA
AF144305.1	1703	C	G	441	235	29	2	1	21	0.00449438	445	0.890891	FALSE	NA	NA	NA	NA	NA	NA
AF144305.1	1703	C	+A	441	235	29	1	0	20	0.00224719	445	0.968751	FALSE	NA	NA	NA	NA	NA	NA
AF144305.1	1705	T	C	584	401	29	1	1	44	0.0017094	585	0.500428	FALSE	NA	NA	NA	NA	NA	NA
AF144305.1	1706	T	+ACA	571	391	29	1	0	20	0.00175131	571	0.984742	FALSE	NA	NA	NA	NA	NA	NA
AF144305.1	1707	A	-C	581	401	29	1	0	20	0.00172117	581	0.984736	FALSE	NA	NA	NA	NA	NA	NA
AF144305.1	1708	C	T	667	451	29	1	0	26	0.00149477	669	0.99231	FALSE	NA	NA	NA	NA	NA	NA
AF144305.1	1708	C	G	667	451	29	1	1	22	0.00149477	669	0.99231	FALSE	NA	NA	NA	NA	NA	NA
AF144305.1	1708	C	+A	667	451	29	1	0	20	0.00149477	669	0.99231	FALSE	NA	NA	NA	NA	NA	NA
AF144305.1	1709	A	G	702	456	29	2	2	26	0.00284091	704	0.980867	FALSE	NA	NA	NA	NA	NA	NA
AF144305.1	1710	A	G	680	463	29	2	2	23	0.00293255	682	0.965404	FALSE	NA	NA	NA	NA	NA	NA
AF144305.1	1711	T	C	820	609	28	2	2	26	0.00243309	822	0.989497	FALSE	NA	NA	NA	NA	NA	NA
AF144305.1	1712	G	-C	870	647	29	1	0	20	0.00114943	870	0.998107	FALSE	NA	NA	NA	NA	NA	NA
AF144305.1	1713	C	A	811	568	28	1	1	22	0.00123153	812	0.998079	FALSE	NA	NA	NA	NA	NA	NA
AF144305.1	1714	A	C	747	487	29	1	1	23	0.0013369	748	0.996187	FALSE	NA	NA	NA	NA	NA	NA
AF144305.1	1715	G	A	743	443	29	1	1	24	0.00134409	744	0.996188	FALSE	NA	NA	NA	NA	NA	NA
AF144305.1	1716	A	T	798	519	29	2	2	32	0.00248756	804	0.248909	FALSE	NA	NA	NA	NA	NA	NA
AF144305.1	1716	A	G	798	519	29	4	2	31	0.00497512	804	0.062111	FALSE	NA	NA	NA	NA	NA	NA
AF144305.1	1717	A	G	713	447	29	2	1	25	0.0027972	715	0.980861	FALSE	NA	NA	NA	NA	NA	NA
AF144305.1	1719	T	C	731	480	29	2	1	41	0.00272851	733	0.250171	FALSE	NA	NA	NA	NA	NA	NA
AF144305.1	1720	T	C	761	478	29	1	1	34	0.00131234	762	0.500328	FALSE	NA	NA	NA	NA	NA	NA
AF144305.1	1721	G	A	741	475	29	1	1	32	0.00134771	742	0.500337	FALSE	NA	NA	NA	NA	NA	NA
AF144305.1	1723	A	G	747	454	29	3	2	29	0.004	750	0.946132	FALSE	NA	NA	NA	NA	NA	NA
AF144305.1	1723	A	-T	747	454	29	1	0	20	0.00133333	750	0.996146	FALSE	NA	NA	NA	NA	NA	NA
AF144305.1	1724	T	C	750	488	29	2	2	26	0.00265957	752	0.980749	FALSE	NA	NA	NA	NA	NA	NA
AF144305.1	1725	T	C	739	488	29	1	1	26	0.00135135	740	0.996188	FALSE	NA	NA	NA	NA	NA	NA
AF144305.1	1726	T	+C	717	473	29	1	0	20	0.0013947	717	0.996212	FALSE	NA	NA	NA	NA	NA	NA
AF144305.1	1727	A	G	665	448	29	1	0	28	0.0015015	666	0.992351	FALSE	NA	NA	NA	NA	NA	NA
AF144305.1	1727	A	+C	665	448	29	1	0	20	0.0015015	666	0.992351	FALSE	NA	NA	NA	NA	NA	NA
AF144305.1	1728	A	G	13	11	28	615	422	29	0.977742	629	0	TRUE	NA	NA	NA	NA	NA	NA
AF144305.1	1728	A	C	13	11	28	1	0	31	0.00158983	629	0.0218069	FALSE	NA	NA	NA	NA	NA	NA
AF144305.1	1728	A	+G	13	11	28	1	0	20	0.00158983	629	0.143646	FALSE	NA	NA	NA	NA	NA	NA
AF144305.1	1729	A	-T	594	392	29	1	0	20	0.0016835	594	0.984728	FALSE	NA	NA	NA	NA	NA	NA
AF144305.1	1730	T	A	558	371	29	1	0	26	0.00178891	559	0.984584	FALSE	NA	NA	NA	NA	NA	NA
AF144305.1	1731	T	C	586	387	28	1	1	29	0.00170358	587	0.984654	FALSE	NA	NA	NA	NA	NA	NA
AF144305.1	1732	T	C	192	112	29	386	279	28	0.66782	578	2.47336e-150	TRUE	NA	NA	NA	NA	NA	NA
AF144305.1	1732	T	-GTG	192	112	29	1	0	20	0.0017301	578	0.8241	FALSE	NA	NA	NA	NA	NA	NA
AF144305.1	1732	T	+AA	192	112	29	1	0	20	0.0017301	578	0.8241	FALSE	NA	NA	NA	NA	NA	NA
AF144305.1	1733	G	A	1	0	44	575	399	28	0.998264	576	0	TRUE	NA	NA	NA	NA	NA	NA
AF144305.1	1734	T	C	592	401	28	1	1	21	0.00168634	593	0.984651	FALSE	NA	NA	NA	NA	NA	NA
AF144305.1	1736	A	G	639	450	28	2	0	23	0.00312012	641	0.96544	FALSE	NA	NA	NA	NA	NA	NA
AF144305.1	1737	G	C	665	473	28	1	0	21	0.0015015	666	0.992351	FALSE	NA	NA	NA	NA	NA	NA
AF144305.1	1737	G	+C	665	473	28	1	0	20	0.0015015	666	0.992351	FALSE	NA	NA	NA	NA	NA	NA
AF144305.1	1738	T	C	1	0	22	681	464	28	0.998534	682	0	TRUE	NA	NA	NA	NA	NA	NA
AF144305.1	1739	T	C	672	448	28	2	0	21	0.00296736	674	0.965411	FALSE	NA	NA	NA	NA	NA	NA
AF144305.1	1740	C	G	626	386	28	1	0	24	0.0015949	627	0.992318	FALSE	NA	NA	NA	NA	NA	NA
AF144305.1	1740	C	-A	626	386	28	1	0	20	0.00159236	628	0.992318	FALSE	NA	NA	NA	NA	NA	NA
AF144305.1	1740	C	+A	626	386	28	2	0	20	0.00318471	628	0.965452	FALSE	NA	NA	NA	NA	NA	NA
